epoch,learning_rate,train_total,train_classification,train_quality,train_box,train_positive_count,train_gradient_norm,valid_total,valid_classification,valid_quality,valid_box,valid_positive_count,metric_ap50,metric_ap75,metric_map50_95,metric_precision,metric_recall,metric_f1,metric_best_f1,metric_best_f1_threshold,metric_detection_accuracy,metric_tp,metric_fp,metric_fn,metric_mean_tp_iou,metric_average_detections_per_image,metric_no_detection_image_rate,metric_zero_recall_image_rate,metric_score_threshold,metric_tiny_lt16_gt,metric_tiny_lt16_matched,metric_tiny_lt16_recall,metric_small_16_32_gt,metric_small_16_32_matched,metric_small_16_32_recall,metric_medium_32_96_gt,metric_medium_32_96_matched,metric_medium_32_96_recall,metric_large_ge96_gt,metric_large_ge96_matched,metric_large_ge96_recall,train_images_per_second,peak_vram_gib,amp_scale,seconds,warning_count
1,0.0009997532801828,2.37726077034876,0.5011928121764938,0.7889739672084908,0.5435469941078842,458.9759740259741,3.8749131372222654,2.144568799063564,0.4973802915774286,0.6842568942035238,0.4814658065636952,522.859375,0.0888064056634903,0.0011032527545467,0.022484541457959,0.1841517857142857,0.1330216059335698,0.1544654559071335,0.1566933989524841,0.2318115234375,0.083696865171959,1650,7310,10754,0.620616614818573,5.852384062704115,0.2932723709993468,0.751796211626388,0.25,2180,1,0.0004587155963302,3009,420,0.139581256231306,5721,1142,0.1996154518440832,1494,87,0.0582329317269076,11.2693158577434,0.3569507598876953,1024.0,1532.5392709000153,0
2,0.0009990133642141,1.970725713689606,0.4031996170324938,0.6712357473837864,0.4481451754639675,459.12142857142857,1.557882704518058,1.971177227795124,0.4404999696804831,0.6662506430099407,0.4322133106179535,522.859375,0.1917049437761306,0.0113091254606843,0.0549800336524413,0.364223490537699,0.195501451144792,0.2544329031581157,0.2672230005264282,0.224609375,0.1457594518242471,2425,4233,9979,0.6544983983039856,4.348791639451339,0.3069888961463096,0.6100587851077727,0.25,2180,4,0.0018348623853211,3009,586,0.194749086075108,5721,1689,0.2952281069743052,1494,146,0.0977242302543507,19.121406777109755,0.3589344024658203,1024.0,1003.4565769000328,0
3,0.0009977809823015,1.8586759550230845,0.3704161228781397,0.6638305986082399,0.4122146165796688,459.1077922077922,1.3844498029389938,1.8565672058612108,0.3857986899092793,0.658331319068869,0.4062185992176334,522.859375,0.2754296064376831,0.0491026602685451,0.0964420873075141,0.546964856230032,0.2070299903257013,0.3003684425989824,0.3486184775829315,0.1990966796875,0.1767256210859541,2568,2127,9836,0.7017471194267273,3.0666231221423907,0.3997387328543436,0.5885042455911169,0.25,2180,28,0.0128440366972477,3009,745,0.2475905616483881,5721,1547,0.2704072714560391,1494,248,0.1659973226238286,20.696907617017725,0.3579573631286621,1024.0,946.6941896000062,0
4,0.0009960573506572,1.7902360200107872,0.3490884672608468,0.6596399825501752,0.3907537857433418,459.0396103896104,1.30499039574877,1.8515258884678285,0.4129027824383229,0.658488044825693,0.3900675314168135,522.859375,0.3151991367340088,0.0574616342782974,0.1134468273958191,0.35545160129543,0.3981780070944856,0.375603635119206,0.3837801814079284,0.275146484375,0.2312265917602996,4939,8956,7465,0.6930959820747375,9.075767472240363,0.0574787720444154,0.2664924885695623,0.25,2180,66,0.0302752293577981,3009,1165,0.3871718178796942,5721,3018,0.5275301520713161,1494,690,0.4618473895582329,19.86992969863032,0.3575787544250488,1024.0,966.2107422000264,0
5,0.0009938441702975,1.738620430540729,0.3337871738358751,0.6564597439069253,0.3741867567811693,459.0123376623376,1.2534576169082097,1.7735873119284709,0.372222935858493,0.6525744320824742,0.3743949732743203,522.859375,0.3077366054058075,0.0630353614687919,0.1151552132796496,0.5395207439198856,0.2432279909706546,0.3352967326072461,0.3834535479545593,0.1988525390625,0.2014153147740169,3017,2575,9387,0.7173898816108704,3.6525146962769433,0.2344872632266492,0.4206401045068582,0.25,2180,8,0.0036697247706422,3009,412,0.136922565636424,5721,2256,0.3943366544310435,1494,341,0.2282463186077644,20.72820872644948,0.3589344024658203,1024.0,944.0093265000032,0
6,0.0009911436253643,1.696453442821255,0.3205440597778017,0.6540221468194739,0.3609436176233477,459.087012987013,1.2133719183020777,1.74816709322234,0.3734682543824116,0.650828686542809,0.3619350778559844,522.859375,0.3710705637931824,0.092630460858345,0.149245925321884,0.4657062607592643,0.4143824572718478,0.4385478435220341,0.4396419823169708,0.25439453125,0.280858969455221,5140,5897,7264,0.7185332179069519,7.209013716525147,0.0489875898105813,0.1985630306988896,0.25,2180,48,0.0220183486238532,3009,1078,0.3582585576603522,5721,3150,0.5506030414263241,1494,864,0.5783132530120482,20.754794027664698,0.3576440811157226,1024.0,944.208429499995,0
7,0.0009879583809693,1.6655178932400494,0.3115361820470977,0.652147101736688,0.3509173039685596,459.038961038961,1.18592454369192,1.6985932017366092,0.343762000479425,0.6487609933440884,0.3530351024431487,522.859375,0.4227291047573089,0.1161466985940933,0.1760278810426825,0.6078706062149771,0.3847952273460174,0.4712677725118483,0.4760113954544067,0.23291015625,0.3082735903894594,4773,3079,7631,0.7306327819824219,5.128674069235793,0.0646636185499673,0.1835401698236446,0.25,2180,50,0.0229357798165137,3009,912,0.3030907278165503,5721,2833,0.49519314805104,1494,978,0.6546184738955824,20.820786170879916,0.3577895164489746,1024.0,944.0794714000076,0
8,0.0009842915805643,1.6417654460126705,0.3047770006316049,0.6506391507077527,0.3431746474721215,459.0506493506493,1.1809350243249497,1.7054406429330509,0.3627566470919798,0.6476527641837796,0.3475156212225556,522.859375,0.3811652064323425,0.0950407013297081,0.1527758894189901,0.515994283829834,0.3784263140922283,0.4366308543788661,0.4390591382980346,0.2408447265625,0.2792883917415362,4694,4403,7710,0.7294084429740906,5.941868060091443,0.0359242325277596,0.1685173089483997,0.25,2180,16,0.0073394495412844,3009,647,0.2150216018610834,5721,3008,0.525782205908058,1494,1023,0.6847389558232931,20.73204362133445,0.3589344024658203,1024.0,945.6003808999668,0
9,0.0009801468428384,1.6202541851378107,0.2971041644354919,0.6495455433021892,0.3368022388258537,459.0831168831169,1.1396522120995956,1.684975270802776,0.3431771969577918,0.6478793111940225,0.3469593826836596,522.859375,0.4516968727111816,0.1322875171899795,0.1910343763069249,0.6058576455897378,0.4302644308287649,0.5031820110309716,0.5034696459770203,0.248779296875,0.3361678004535147,5337,3472,7067,0.7331668138504028,5.753755715218811,0.0600914435009797,0.1548007838014369,0.25,2180,53,0.0243119266055045,3009,1073,0.356596876038551,5721,3167,0.553574549903863,1494,1044,0.6987951807228916,20.546079325560296,0.3580765724182129,1024.0,960.981759599992,0
10,0.0009755282581475,1.601087236172193,0.2918990468437021,0.6484519365933035,0.3303681276254839,458.9902597402597,1.1278160664555317,1.6679687419285376,0.3293388044306387,0.647236269277831,0.345696833760788,522.859375,0.4387003779411316,0.1143503636121749,0.1809693273098673,0.6542042889390519,0.3738310222508868,0.4757849374102196,0.4895985126495361,0.2276611328125,0.3121507909794682,4637,2451,7767,0.7340757846832275,4.629653821032005,0.085564990202482,0.1972566949706074,0.25,2180,22,0.010091743119266,3009,705,0.234297108673978,5721,2911,0.5088271281244537,1494,999,0.6686746987951807,20.87591915518228,0.3589344024658203,1024.0,939.3647149999742,0
11,0.0009704403844771,1.5830161947708623,0.2877287521281025,0.6472338067246722,0.3240268181864317,459.0694805194805,1.1147277040915056,1.6721227541565895,0.3274266599522282,0.6475589387118816,0.3485685773969938,522.859375,0.4457756578922272,0.1237193867564201,0.1859052896834327,0.7214770945828253,0.3339245404708159,0.4565445026178011,0.4991405010223388,0.201416015625,0.2957937584803256,4142,1599,8262,0.7448737025260925,3.749836708033965,0.0901371652514696,0.1985630306988896,0.25,2180,14,0.0064220183486238,3009,627,0.2083748753738783,5721,2520,0.4404824331410593,1494,981,0.6566265060240963,20.8809832466534,0.3580403327941894,1024.0,931.6346940000076,0
12,0.0009648882429441,1.5710546652217965,0.2841550469785541,0.6464371608062224,0.3202312292410181,459.0103896103896,1.097093686461449,1.648143803079923,0.3280014361565311,0.6460387281452616,0.3370518172935893,522.859375,0.4586885273456573,0.138783797621727,0.1981106239443761,0.6729229919955838,0.3930990003224766,0.4962849872773537,0.5092083215713501,0.218505859375,0.3300392581562203,4876,2370,7528,0.7433874011039734,4.732854343566297,0.0790333115610712,0.178314826910516,0.25,2180,25,0.0114678899082568,3009,841,0.2794948487869724,5721,2936,0.5131969935325992,1494,1074,0.7188755020080321,20.85900769523578,0.3578147888183594,1024.0,936.4144148999476,0
13,0.0009588773128419,1.5557553998835676,0.2796367929837146,0.6455180040040573,0.3153003017623703,459.0974025974026,1.0802681890788015,1.6476989214619,0.3195544572857519,0.6464113155379891,0.3408665747847408,522.859375,0.4744471907615661,0.1309230178594589,0.1991367656701186,0.7478318879252835,0.3614962915188648,0.487391304347826,0.5212187170982361,0.2030029296875,0.322219028456453,4484,1512,7920,0.7429390549659729,3.916394513389941,0.1071195297191378,0.193990855649902,0.25,2180,16,0.0073394495412844,3009,708,0.2352941176470588,5721,2760,0.4824331410592554,1494,1000,0.6693440428380187,20.532644739060355,0.3589344024658203,2048.0,946.5893607999895,0
14,0.000952413526233,1.5427692917260256,0.2746591902398443,0.6450895936071098,0.3115102535718447,459.0253246753247,1.0695003324901904,1.6278775539249182,0.3222195810327927,0.6455223361651102,0.3300678190619995,522.859375,0.4652853906154632,0.1455478072166443,0.2029771514105959,0.7059182428309945,0.3731054498548855,0.4881856540084388,0.5168790817260742,0.205810546875,0.3229137594194808,4628,1928,7776,0.7558014392852783,4.282168517308948,0.0725016329196603,0.1652514696276943,0.25,2180,16,0.0073394495412844,3009,655,0.2176802924559654,5721,2847,0.4976402726796015,1494,1110,0.7429718875502008,20.711832112574925,0.3577723503112793,2048.0,943.475272700016,0
15,0.0009455032620941,1.533005563314859,0.2719289637327968,0.6444223108616742,0.3083271456325983,459.0902597402597,1.0445034635144397,1.6319175952424605,0.3202849555915842,0.6456823923314611,0.3329751226119697,522.859375,0.4683119654655456,0.1498357355594635,0.205881466116989,0.7157232704402515,0.3669783940664302,0.485184395651247,0.5216277837753296,0.2039794921875,0.3202927103855896,4552,1808,7852,0.7564355731010437,4.154147615937296,0.0633572828216851,0.1665578053559764,0.25,2180,11,0.005045871559633,3009,709,0.235626453971419,5721,2733,0.4777136864184583,1494,1099,0.7356091030789826,20.718427466028228,0.3589344024658203,2048.0,937.2657448999817,0
16,0.0009381533400219,1.520944702547866,0.2682707778722434,0.6436344096412906,0.3045197570865804,459.087012987013,1.028089518090347,1.6271666660904884,0.3197702724331369,0.6449480491379896,0.3312241739283005,522.859375,0.4767718315124511,0.1569616198539734,0.2111137122148648,0.7305199936778884,0.372621734924218,0.4935134269392984,0.5288002490997314,0.1976318359375,0.3275923169608051,4622,1705,7782,0.7574442028999329,4.13259307642064,0.0809928151534944,0.1815806662312214,0.25,2180,15,0.0068807339449541,3009,772,0.256563642406115,5721,2750,0.4806851948959972,1494,1085,0.7262382864792504,20.813616326041107,0.3575844764709472,2048.0,942.046833099972,0
17,0.0009303710135019,1.5146926618241645,0.2667304145922134,0.6433585040368043,0.3023018715153266,459.0441558441559,1.0442187711015924,1.6302657425403595,0.3215509737686564,0.6453369154284397,0.3316889276417593,522.859375,0.4756704568862915,0.1589050889015197,0.2125252323836321,0.7215170036044507,0.3711705901322154,0.4901783337769496,0.520386278629303,0.20458984375,0.3246597560115647,4604,1777,7800,0.7588745355606079,4.167864141084259,0.0718484650555192,0.1691704768125408,0.25,2180,21,0.0096330275229357,3009,698,0.2319707544034563,5721,2792,0.4880265687816815,1494,1093,0.7315930388219545,22.554934978194087,0.3596968650817871,2048.0,892.2031223999802,0
18,0.000922163962751,1.5029470842380028,0.2623503852151818,0.642807200551033,0.2988947514105927,459.0785714285714,1.0051518266851251,1.6166938251505296,0.3191721512315174,0.6446307329460979,0.3264454721162717,522.859375,0.4774582386016845,0.1644923537969589,0.2159031067974865,0.75697350069735,0.3500483714930668,0.4787210584343991,0.5298892855644226,0.179931640625,0.3146832874329613,4342,1394,8062,0.7659024000167847,3.7465708687132593,0.0822991508817766,0.1770084911822338,0.25,2180,11,0.005045871559633,3009,651,0.2163509471585244,5721,2587,0.452193672434889,1494,1093,0.7315930388219545,22.32343197418377,0.3589344024658203,2048.0,891.2506469999789,0
19,0.0009135402871372,1.4963321640119924,0.2616004311902956,0.642217228590668,0.2962572516849289,459.1051948051948,1.0186401127220748,1.650375170012315,0.330603251621748,0.6453440772990385,0.3372139236889779,522.859375,0.4421554505825043,0.1421407759189605,0.1947035823599435,0.7224010604052263,0.3075620767494356,0.4314390726604467,0.5043501257896423,0.1734619140625,0.2750540735400144,3815,1466,8589,0.7628633379936218,3.449379490529066,0.0783801436969301,0.1835401698236446,0.25,2180,9,0.0041284403669724,3009,346,0.1149883682286473,5721,2361,0.4126900891452543,1494,1099,0.7356091030789826,22.695993466472533,0.3571739196777344,2048.0,864.1344750999706,0
20,0.0009045084971874,1.48798023493259,0.2590548902701635,0.6417977771588734,0.2935637830042993,459.1357142857143,1.0020677152392152,1.6277903498460848,0.3284785533323884,0.6449317640314499,0.3271900153098007,522.859375,0.4649264514446258,0.1490873992443084,0.2062367779028136,0.725917038052794,0.3414221218961625,0.4644149577804584,0.5167434215545654,0.1812744140625,0.3024351924587588,4235,1599,8169,0.7634433507919312,3.810581319399085,0.0718484650555192,0.1737426518615284,0.25,2180,9,0.0041284403669724,3009,487,0.161847789963443,5721,2637,0.4609334032511799,1494,1102,0.7376171352074966,21.964725983071567,0.3573760986328125,2048.0,908.0472040000022,0
21,0.0008950775061878,1.4797181538947215,0.2564529694810316,0.641293112720762,0.2909860361125562,459.0694805194805,1.0028932469231742,1.637081525598963,0.3397516474748651,0.6438373945032557,0.3267462401029964,522.859375,0.450542002916336,0.1528676003217697,0.2017458780203014,0.728437559762861,0.3070783618187681,0.4320308512448251,0.5099175572395325,0.1697998046875,0.2755353009259259,3809,1420,8595,0.7666289806365967,3.4154147615937296,0.077726975832789,0.1750489875898105,0.25,2180,9,0.0041284403669724,3009,334,0.1110003323363243,5721,2354,0.4114665268309736,1494,1112,0.7443105756358769,22.32616498518664,0.3569316864013672,2048.0,892.2601580999908,0
22,0.0008852566213878,1.471408630578549,0.2531847960521261,0.6408788202257899,0.2886725077961946,459.0103896103896,0.9868421725251458,1.6435201857239008,0.3344673600513488,0.6449744822457433,0.3320391713641584,522.859375,0.4538759589195251,0.1511262953281402,0.2014631525264121,0.7399274393736872,0.3123992260561109,0.4393174990079927,0.5092509388923645,0.17724609375,0.2814906290861543,3875,1362,8529,0.76513671875,3.4206401045068584,0.0849118223383409,0.1815806662312214,0.25,2180,13,0.0059633027522935,3009,368,0.1222997673645729,5721,2411,0.4214298199615451,1494,1083,0.7248995983935743,22.0032491792,0.3569369316101074,2048.0,900.1545421999763,0
23,0.0008750555348152,1.4683718230817224,0.2532696030356667,0.6406884219352301,0.2872068988909195,459.0694805194805,0.988120346796977,1.6382288454721372,0.333127883883814,0.6446990519762039,0.3302009546508391,522.859375,0.4514349699020386,0.144432246685028,0.1990211021911818,0.7527083333333333,0.2912770074169623,0.4200186003255057,0.5129421949386597,0.1578369140625,0.2658376867044367,3613,1187,8791,0.7673102021217346,3.1352057478772046,0.0947093403004572,0.2005225342913128,0.25,2180,10,0.0045871559633027,3009,380,0.1262878032568959,5721,2120,0.3705645866107324,1494,1103,0.7382864792503346,22.09639317179463,0.3569507598876953,2048.0,893.6790342999739,0
24,0.0008644843137107,1.4560338526577143,0.2491035856306553,0.6399845168188021,0.2834728745090497,459.0642857142857,0.9649073721913548,1.6410554156949122,0.3346184464947631,0.6451554438099265,0.3306407644413411,522.859375,0.4604874849319458,0.1505368798971176,0.2057876779377693,0.7635177782453187,0.2925669138987423,0.4230343300110742,0.5200609564781189,0.1611328125,0.2682584269662921,3629,1124,8775,0.769314706325531,3.1045068582625737,0.1045068582625734,0.2037883736120183,0.25,2180,3,0.0013761467889908,3009,382,0.1269524759056164,5721,2166,0.37860513896172,1494,1078,0.7215528781793842,22.08435272947049,0.3575940132141113,2048.0,894.0196809999761,0
25,0.0008535533905932,1.453265598455033,0.248357409824218,0.6397828270475586,0.2825626804747365,459.0551948051948,0.972774192168341,1.6464934311807156,0.3419936701344947,0.6446432983502746,0.329928229485328,522.859375,0.4451853632926941,0.1483385115861892,0.1984310108236968,0.7118350372552418,0.3311834891970332,0.4520495185694635,0.5158585906028748,0.173095703125,0.2920309945261961,4108,1663,8296,0.76655513048172,3.769431743958197,0.0666231221423905,0.1841933376877857,0.25,2180,8,0.0036697247706422,3009,517,0.1718178796942505,5721,2454,0.4289459884635553,1494,1129,0.7556894243641231,22.101251917272677,0.3580217361450195,2048.0,900.0704540999723,0
26,0.0008422735529643,1.447908709265969,0.2469699563531132,0.6395331090533888,0.2807028216975076,458.9538961038961,0.9673686171119864,1.6472857495148976,0.3450061182957142,0.6436114494378368,0.3293340913951397,522.859375,0.4391013383865356,0.1444882899522781,0.1941901014564791,0.6957588503329828,0.3200580457916801,0.4384318056322474,0.5097886323928833,0.1766357421875,0.2807637906647807,3970,1736,8434,0.765282928943634,3.726975832789027,0.0744611365120836,0.1796211626387981,0.25,2180,7,0.0032110091743119,3009,474,0.1575274177467597,5721,2342,0.4093689914350638,1494,1147,0.7677376171352075,22.12821771110717,0.3579640388488769,4096.0,896.2144590999815,0
27,0.0008306559326618,1.4425209604300462,0.2456304328685457,0.6390911727756649,0.2788996771848821,458.9759740259741,0.9677619931953294,1.650074898575743,0.3412241993161539,0.6443865606561303,0.3322320685256272,522.859375,0.4328595101833343,0.1335738748311996,0.1893226329120807,0.7070707070707071,0.3160270880361174,0.4368174726989079,0.5022022724151611,0.1728515625,0.279441117764471,3920,1624,8484,0.762411892414093,3.6211626387981712,0.0738079686479425,0.1763553233180927,0.25,2180,5,0.0022935779816513,3009,374,0.1242937853107344,5721,2408,0.4209054361125677,1494,1133,0.7583668005354752,22.04348873055804,0.3567337989807129,4096.0,899.7058450999903,0
28,0.0008187119948743,1.4376435467175075,0.2438366822414584,0.6388604075103611,0.2774732289569718,459.0402597402597,0.9688685255391256,1.634090683112542,0.3389952466047058,0.6435795013482372,0.3257579656007389,522.859375,0.4445753097534179,0.1526432633399963,0.202083442825824,0.6881235918892823,0.344727507255724,0.4593404232463207,0.5036542415618896,0.190185546875,0.2981453074884953,4276,1938,8128,0.7653431296348572,4.058785107772698,0.062704114957544,0.1521881123448726,0.25,2180,6,0.0027522935779816,3009,431,0.1432369557992688,5721,2654,0.4639049117287188,1494,1185,0.7931726907630522,22.039571119856813,0.3589344024658203,4096.0,900.0257292999886,0
29,0.0008064535268264,1.43091666744901,0.2419168928855812,0.6385454775451066,0.2752271494598358,459.0954545454546,0.9595069279144336,1.6608500083287556,0.3483968438425411,0.6445806147530675,0.3339362747501582,522.859375,0.4259286224842071,0.1334508806467056,0.1872150578565197,0.700354609929078,0.2866010964205095,0.4067505720823798,0.4965800642967224,0.1590576171875,0.2552962298025135,3555,1521,8849,0.7622151970863342,3.315480078380144,0.0764206401045068,0.1841933376877857,0.25,2180,4,0.0018348623853211,3009,327,0.1086739780658025,5721,2118,0.3702149973780808,1494,1106,0.7402945113788487,22.15499114773353,0.357147216796875,4096.0,896.0939541000407,0
30,0.0007938926261462,1.4268282829941092,0.240362986796475,0.638346871307918,0.2740592122852028,459.07142857142856,0.95396488142478,1.6319435226420562,0.3388668723249187,0.6434944802895188,0.3247910823362569,522.859375,0.4725339114665985,0.16154345870018,0.2151288128981832,0.721931908155186,0.3675427281522089,0.4870986698007372,0.5310155749320984,0.1966552734375,0.3219632768361582,4559,1756,7845,0.7669192552566528,4.124755062050947,0.069888961463096,0.1691704768125408,0.25,2180,12,0.0055045871559633,3009,651,0.2163509471585244,5721,2740,0.478937248732739,1494,1156,0.7737617135207496,22.196242942725178,0.3571524620056152,4096.0,895.1894806000055,0
31,0.000781041688926,1.4228215394082009,0.2401364103249915,0.6380362832314008,0.2723244230952356,458.8415584415585,0.9589186525770595,1.658103747293353,0.3540952097003658,0.6439578089242181,0.3300253638687233,522.859375,0.4287404417991638,0.1400448381900787,0.1910506203421391,0.7358156028368794,0.2676555949693647,0.3925277843461811,0.4967648386955261,0.1478271484375,0.2441894674904383,3320,1192,9084,0.7713109254837036,2.947093403004572,0.1005878510777269,0.2044415414761593,0.25,2180,0,0.0,3009,206,0.068461282818212,5721,2009,0.3511623841985666,1494,1105,0.7396251673360107,22.11166389080334,0.3596968650817871,4096.0,904.4976403000182,0
32,0.0007679133974894,1.4158020507979705,0.237813219007153,0.6375895438256202,0.2701996448461886,459.07207792207794,0.9538796376678852,1.6772053850193818,0.3665611841715872,0.6453611717248956,0.3326415142510086,522.859375,0.4183463752269745,0.1376603692770004,0.1867921257857233,0.7164011667040611,0.2574169622702354,0.3787438467469308,0.488625705242157,0.1468505859375,0.2336113549897571,3193,1264,9211,0.7715902924537659,2.9111691704768123,0.0973220117570215,0.2083605486610058,0.25,2180,0,0.0,3009,209,0.0694582917912927,5721,1883,0.3291382625415137,1494,1101,0.7369477911646586,22.1825696098761,0.3589344024658203,4096.0,904.9393469999776,0
33,0.0007545207078751,1.412045120805889,0.2365353454823617,0.6373568714439095,0.2690764504980731,459.1149350649351,0.952686201713302,1.6628842459370692,0.3535779744076232,0.6448087114840746,0.3322487783928712,522.859375,0.4420757889747619,0.1494137942790985,0.1966808161174413,0.7121942510266024,0.3215898097387939,0.4430991391280199,0.5063624978065491,0.16455078125,0.2846033105022831,3989,1612,8415,0.7650747895240784,3.658393207054213,0.0790333115610712,0.1743958197256695,0.25,2180,0,0.0,3009,422,0.1402459288800266,5721,2420,0.4230029715084775,1494,1147,0.7677376171352075,22.020571907784014,0.3569207191467285,4096.0,901.0108248000032,0
34,0.0007408768370508,1.4073914363012685,0.235205873629296,0.6371040759922622,0.2675407439857334,459.1077922077922,0.9565980118396994,1.656396573409438,0.3545187676791101,0.6447727205231786,0.3285525424871593,522.859375,0.4363661706447601,0.1439604014158249,0.1943002022540895,0.735573874445149,0.2805546597871654,0.406186168660636,0.500041127204895,0.144287109375,0.2548517026730135,3480,1251,8924,0.7699201703071594,3.0901371652514698,0.0881776616590463,0.1881123448726322,0.25,2180,0,0.0,3009,255,0.0847457627118644,5721,2117,0.3700402027617549,1494,1108,0.7416331994645248,22.17522503832165,0.3589344024658203,4096.0,902.1973952999688,0
35,0.0007269952498697,1.402754625871584,0.2340092260825943,0.6367714030402047,0.2659869982921458,459.06233766233765,0.9568593951982336,1.6625739683707554,0.3584070166107267,0.6444324397792419,0.3298672544769943,522.859375,0.4533332586288452,0.1499105542898178,0.2031012892490253,0.700221589110478,0.3566591422121896,0.4725990812947335,0.512233316898346,0.17578125,0.3094139040425234,4424,1894,7980,0.7637205123901367,4.12671456564337,0.0587851077726975,0.155453951665578,0.25,2180,5,0.0022935779816513,3009,550,0.1827849783981389,5721,2685,0.4693235448348191,1494,1184,0.7925033467202142,22.178282284899705,0.3571357727050781,4096.0,896.9591050999588,0
36,0.0007128896457825,1.3986094508852278,0.2324751267959545,0.6366930461936183,0.2647206386188408,459.0538961038961,0.9476612797418198,1.651859225705266,0.3473488548770547,0.6446797763928771,0.3299152955878526,522.859375,0.4634211957454681,0.1531604975461959,0.2076054506353102,0.7370666666666666,0.3342470170912608,0.459925675300904,0.5227841138839722,0.16943359375,0.298638622776057,4146,1479,8258,0.7645095586776733,3.674069235793599,0.077726975832789,0.170476812540823,0.25,2180,1,0.0004587155963302,3009,491,0.163177135260884,5721,2526,0.4415312008390141,1494,1128,0.7550200803212851,22.337383509510133,0.3580303192138672,4096.0,899.5810882000369,0
37,0.0006985739453173,1.394703151111479,0.2311083953247054,0.63638218281331,0.2636062865326931,459.1051948051948,0.9487434729353174,1.666209685926636,0.3598140884035577,0.6452071328336993,0.3305942312193413,522.859375,0.454713225364685,0.1511123329401016,0.2041434375016251,0.7142857142857143,0.3466623669783941,0.4667824576639167,0.5191727876663208,0.1702880859375,0.3044463324837156,4300,1720,8104,0.7648018002510071,3.932070542129327,0.0659699542782495,0.1652514696276943,0.25,2180,3,0.0013761467889908,3009,506,0.1681621801262878,5721,2625,0.4588358678552701,1494,1166,0.7804551539491299,22.454834099854967,0.3571572303771972,4096.0,892.2482425000053,0
38,0.0006840622763423,1.389604291668186,0.2298479708516365,0.6361291344676699,0.2618135928817384,459.1,0.9511420852178104,1.6640627440065143,0.3618691960194458,0.6444392399862409,0.3288771505467593,522.859375,0.4334573149681091,0.1486886739730835,0.1969150011544115,0.7136815005516735,0.3128829409867784,0.4350409146956619,0.4969647824764251,0.1724853515625,0.2779886827591147,3881,1557,8523,0.7693559527397156,3.5519268451992163,0.0770738079686479,0.1881123448726322,0.25,2180,2,0.0009174311926605,3009,343,0.1139913592555666,5721,2418,0.4226533822758259,1494,1118,0.7483266398929049,22.61486808423593,0.3567233085632324,4096.0,892.3606701000244,0
39,0.0006693689601226,1.3865059532902455,0.2285282289827024,0.6360221748228198,0.2609777738037822,458.9993506493507,0.9552745166924091,1.6700193397700789,0.3656303429355224,0.6444050691400965,0.329991965709875,522.859375,0.4404955804347992,0.1476799696683883,0.1975105410761898,0.7301923076923077,0.3061109319574331,0.431379231992729,0.5081782937049866,0.1568603515625,0.2750054320272325,3797,1403,8607,0.7701475620269775,3.3964728935336383,0.0868713259307642,0.1854996734160679,0.25,2180,2,0.0009174311926605,3009,332,0.1103356596876038,5721,2364,0.4132144729942317,1494,1099,0.7356091030789826,22.498088554855013,0.3589344024658203,8192.0,893.6418509999639,0
40,0.0006545084971874,1.3827585019074478,0.2278077071121373,0.6358073409114565,0.2595717262041259,459.0298701298701,0.9534117360393722,1.6712645757943392,0.3644725452177226,0.6459254234408339,0.3304333040335526,522.859375,0.4433331489562988,0.1472495645284652,0.1976181589619955,0.7250447227191413,0.3267494356659142,0.450483494498166,0.504328727722168,0.166259765625,0.2907251990531526,4053,1537,8351,0.7671523094177246,3.651208360548661,0.0718484650555192,0.1822338340953625,0.25,2180,3,0.0013761467889908,3009,373,0.1239614489863742,5721,2514,0.4394336654431043,1494,1163,0.7784471218206158,22.38607885209785,0.3576374053955078,8192.0,890.1029720000224,0
41,0.0006394955530196,1.37898178379257,0.2261513678526336,0.6355993515872336,0.2586155313175994,458.92792207792206,0.94987534054301,1.671861979489525,0.3665716544880221,0.6439768631632129,0.3306567317340523,522.859375,0.4263087809085846,0.1451720595359802,0.1921432744798949,0.7080882352941177,0.3105449854885521,0.4317417619367855,0.4935122728347778,0.1685791015625,0.2753001715265866,3852,1588,8552,0.7694469094276428,3.5532331809274984,0.077726975832789,0.1770084911822338,0.25,2180,0,0.0,3009,297,0.098703888334995,5721,2388,0.4174095437860514,1494,1167,0.7811244979919679,22.27224631646421,0.3571615219116211,8192.0,896.3286153000081,0
42,0.0006243449435824,1.3760312917170587,0.225230083522665,0.6354221025844673,0.2576895524929096,459.0409090909091,0.9514908970950486,1.6688690185546875,0.361847593759497,0.6455208860958616,0.3307502682631214,522.859375,0.4447313845157623,0.1564163118600845,0.2038251446589129,0.732605729877217,0.3030474040632054,0.4287425149700599,0.5075744986534119,0.1571044921875,0.2728658536585366,3759,1372,8645,0.7765952348709106,3.3514043109079035,0.0940561724363161,0.1868060091443501,0.25,2180,2,0.0009174311926605,3009,384,0.1276171485543369,5721,2244,0.3922391190351337,1494,1129,0.7556894243641231,22.600320878813072,0.3580031394958496,8192.0,896.0808327000123,0
43,0.0006090716206982,1.371098654455953,0.2235835725369004,0.6352673152050414,0.2561238829481911,459.05584415584417,0.9519122266924226,1.6674157852927844,0.360092707676813,0.6453903003906211,0.3309663933080931,522.859375,0.4506984055042267,0.1579194664955139,0.2044487528095487,0.7290083410565338,0.3170751370525637,0.4419349401651778,0.5113651156425476,0.16455078125,0.2836434443963652,3933,1462,8471,0.7732827067375183,3.523840627041149,0.0770738079686479,0.1770084911822338,0.25,2180,2,0.0009174311926605,3009,425,0.1412429378531073,5721,2383,0.4165355707044223,1494,1123,0.7516733601070951,22.45196287477208,0.3571839332580566,8192.0,890.8835899999831,0
44,0.0005936906572928,1.3681050440707765,0.2231777492039776,0.6349235033834135,0.2550018954393152,459.0,0.9544309564225084,1.6778159023573,0.3696351887968679,0.6465116115286946,0.3308345503173768,522.859375,0.4401319921016693,0.1471791565418243,0.1980350077617913,0.7408150973700061,0.2974846823605289,0.4245038826574633,0.5043109059333801,0.1485595703125,0.2694414019715224,3690,1291,8714,0.7690542936325073,3.2534291312867407,0.0907903331156107,0.186152841280209,0.25,2180,0,0.0,3009,273,0.0907278165503489,5721,2289,0.4001048767697955,1494,1128,0.7550200803212851,22.596884422081484,0.3578224182128906,8192.0,888.0486149000353,0
45,0.0005782172325201,1.36436693018133,0.2214785663725493,0.6347916529937224,0.2540483562493479,459.0474025974026,0.953060877477968,1.669796625773112,0.3685246750246733,0.6450364968429009,0.3281177280005067,522.859375,0.4492450654506683,0.1594534963369369,0.206763255255646,0.7462142994057888,0.3138503708481135,0.441859145337949,0.5143110156059265,0.1605224609375,0.2835810023310023,3893,1324,8511,0.7771217226982117,3.4075767472240366,0.0914435009797517,0.1854996734160679,0.25,2180,5,0.0022935779816513,3009,385,0.1279494848786972,5721,2365,0.4133892676105576,1494,1138,0.7617135207496654,22.14800157638043,0.3589344024658203,8192.0,902.5678080000216,0
46,0.0005626666167821,1.3626176714897156,0.2212904181379776,0.6345217630847708,0.2534027444851863,459.0487012987013,0.9642177242737312,1.6802210199336212,0.3692942449512581,0.6455229350055257,0.3327019194451471,522.859375,0.4492823183536529,0.1573620438575744,0.2035448037204332,0.7376987839101965,0.3178813286036762,0.4443067215054369,0.5095077157020569,0.1689453125,0.2856004635665652,3943,1402,8461,0.7719694972038269,3.4911822338340954,0.0764206401045068,0.1815806662312214,0.25,2180,2,0.0009174311926605,3009,422,0.1402459288800266,5721,2385,0.4168851599370739,1494,1134,0.7590361445783133,22.36515249528176,0.3589344024658203,8192.0,896.3231090999907,0
47,0.0005470541566592,1.3567345076567168,0.2195278205703218,0.6342526549255693,0.251477015860282,459.03311688311686,0.9531402387789316,1.6752448044717312,0.3706488957783828,0.6445868986969193,0.3300045033295949,522.859375,0.4490290582180023,0.1578350663185119,0.2042320347565692,0.7395437262357415,0.3136085133827797,0.4404438405797101,0.5110924243927002,0.1622314453125,0.2824161463627123,3890,1370,8514,0.7713440656661987,3.435662965382104,0.0783801436969301,0.1854996734160679,0.25,2180,4,0.0018348623853211,3009,396,0.13160518444666,5721,2357,0.4119909106799511,1494,1133,0.7583668005354752,22.289617642189544,0.3580164909362793,8192.0,895.6194694999722,0
48,0.0005313952597646,1.353471004575878,0.2188643031838265,0.6340242474884182,0.2502912269106933,459.00584415584416,0.959373658837436,1.659408859287699,0.3639954362685482,0.6442846665158868,0.3255643839947879,522.859375,0.4600867033004761,0.1654873788356781,0.2123222362075466,0.7269497546946371,0.3464205095130603,0.4692328692328692,0.5157922506332397,0.1673583984375,0.3065344556998145,4297,1614,8107,0.7721834182739258,3.860875244937949,0.062050947093403,0.1639451338994121,0.25,2180,3,0.0013761467889908,3009,461,0.1532070455300764,5721,2656,0.4642545009613704,1494,1177,0.7878179384203481,22.398269839993954,0.3580327033996582,8192.0,896.5220705999527,0
49,0.000515705379539,1.3509710541793278,0.2175892317014468,0.6338586200754364,0.2497616003956887,459.0837662337663,0.9634594428655388,1.6757888042678435,0.3710829534878333,0.645030026944975,0.3298379121503482,522.859375,0.4578737020492553,0.1568968296051025,0.2086821046541445,0.7377847330898974,0.3420670751370526,0.4674194436794272,0.5199981927871704,0.17578125,0.3049884991374353,4243,1508,8161,0.7719331979751587,3.756368386675376,0.0764206401045068,0.1659046374918354,0.25,2180,4,0.0018348623853211,3009,512,0.1701561980724493,5721,2568,0.4488725747246985,1494,1159,0.7757697456492637,22.360741213043717,0.3580441474914551,8192.0,898.7063734999974,0
50,0.0005,1.3462626657702703,0.2162493426159217,0.6338854522674114,0.2480639347201818,458.95714285714286,0.9568493854302864,1.6856790520250795,0.3834712407551706,0.6448486618076762,0.3286795755848288,522.859375,0.4399822354316711,0.1536842137575149,0.2001374158659018,0.7428405572755418,0.3094969364721058,0.4369451399954474,0.504441499710083,0.16455078125,0.2795456200393213,3839,1329,8565,0.7739236950874329,3.3755715218811235,0.0940561724363161,0.1913781841933376,0.25,2180,4,0.0018348623853211,3009,376,0.1249584579594549,5721,2340,0.4090194022024122,1494,1119,0.748995983935743,22.22119291559963,0.3571553230285644,8192.0,901.713545799954,0
51,0.0004842946204609,1.3441870232681177,0.2157277881034782,0.633495336964533,0.2474819486791437,459.0688311688312,0.9686456104958212,1.6862728682657082,0.3837489645617704,0.6435845435286561,0.3294696820278962,522.859375,0.439550369977951,0.1551494151353836,0.20110647403053,0.7251236943375481,0.3190099967752338,0.4430882929287273,0.5028650760650635,0.158447265625,0.2845943613348676,3957,1500,8447,0.7727577686309814,3.5643370346178966,0.0725016329196603,0.1776616590463749,0.25,2180,2,0.0009174311926605,3009,379,0.1259554669325357,5721,2426,0.4240517392064324,1494,1150,0.7697456492637216,22.20690203098101,0.3576035499572754,8192.0,904.0317069999874,0
