"split","file_name","source_zip","sha256","group_id","annotation"
"train","hn_picture1_0001.jpg","picture1.zip","8225E9BE699B4379FB25D22836E3227F7C9B18C5BA8E46515ABD89C1205AEC0B","0","empty_negative"
"train","hn_picture1_0002.jpg","picture1.zip","9C9E2323ECA5A1EE8820E660F00FCE52660B4A83C9BA0A0CC61872B3D0B39280","0","empty_negative"
"train","hn_picture1_0003.jpg","picture1.zip","896EBC332D96C456F44B03D6FB7E74211F7F3D8CD3597BBCF8E286741BFA870F","0","empty_negative"
"train","hn_picture1_0004.jpg","picture1.zip","9CE9FC74C55404296ADA5D83F15A91835FECEFA6E25DECF4D8E08D0AA6487307","0","empty_negative"
"train","hn_picture1_0005.jpg","picture1.zip","39A3B8A57C86C51D30BDC715026F96B863F8058AFEAF6EB60B430159DC55E23E","0","empty_negative"
"train","hn_picture1_0006.jpg","picture1.zip","048A07CEAD08DF3AA7A5CB8AF37328C1569EB52AEDC16D483459DDBD1B34E15C","0","empty_negative"
"train","hn_picture1_0007.jpg","picture1.zip","25AEFCE9A800F04A6352967EB37E7C7859B98598234BC9BC0756FB8417A3DB94","0","empty_negative"
"train","hn_picture1_0008.jpg","picture1.zip","57E8A490D7E8E37102B483EF1243B9A5AA3F05DBC534F56D7676F739A589FF1C","0","empty_negative"
"train","hn_picture1_0009.jpg","picture1.zip","A316C4ADDD1EB1032D542568E50E3ACA59859CCD89BAE38F8856BE2C6188CF65","0","empty_negative"
"train","hn_picture1_0010.jpg","picture1.zip","E0AC01DF2415B223653178BADFE470CBE900BB0BD7B0B3CDE5EFD5308A7DED95","0","empty_negative"
"train","hn_picture1_0011.jpg","picture1.zip","5E4676AB5E5AD55536767D8685DED7E63B4299EAA158A3920D72174CD6DEA9F1","0","empty_negative"
"train","hn_picture1_0012.jpg","picture1.zip","1B11E1117B00DCCA9C03FAEAE5A37BC4F0F6CC28F0DAEF780A4BA39D9D73A05A","0","empty_negative"
"train","hn_picture1_0013.jpg","picture1.zip","A3C2913EE459366C048C1AB510F89A1A8DFBB72702B3E4ED7EAC966ED5A4762D","0","empty_negative"
"train","hn_picture1_0014.jpg","picture1.zip","75A54C2CE8248803B296D0ACA8FB86C4B123D79F79126504BC4C2B3E7888BA16","0","empty_negative"
"train","hn_picture1_0015.jpg","picture1.zip","8073BD1F669F86C3CFB5733B941A04B01EE79156A94179F1AA068036A185BD96","0","empty_negative"
"train","hn_picture1_0016.jpg","picture1.zip","A491D57B4C69FF52A9820095369D8E60C88044FB0273B580470806C7D4DA1AF0","0","empty_negative"
"train","hn_picture1_0017.jpg","picture1.zip","ADA106650F12D4AC99C6AC7CD0A6B6258C2354D7C4E0293FE3E52176745D2FBA","0","empty_negative"
"train","hn_picture1_0018.jpg","picture1.zip","3B268C46B0BC3DB2B59D58D471714D0DFA16DDF755221AE15B40671929487B6F","0","empty_negative"
"train","hn_picture1_0019.jpg","picture1.zip","5DF9EE86AE151E7501469494D87DAECDB92E8E3C5C1AC37D99AA81614223B0BC","0","empty_negative"
"train","hn_picture1_0020.jpg","picture1.zip","AE6D0D183FEF0AC0931422917C47B4B6C4989548815CE14F54DB5077C6D0FC91","0","empty_negative"
"train","hn_picture1_0021.jpg","picture1.zip","724E92648253461A3804E17CBAB0F5B79A9ECE1985EDFFEEE093D1BA5525AEDF","1","empty_negative"
"train","hn_picture1_0022.jpg","picture1.zip","81975F7A191955DD9ED55C028EDB6902F1359E8FA18C47BEF9DBFB498CBF980E","1","empty_negative"
"train","hn_picture1_0023.jpg","picture1.zip","ACAA4664B8B76731E1E33460E5C3D88A8073C0E70A4F08C3DB021B5ABBD19329","1","empty_negative"
"train","hn_picture1_0024.jpg","picture1.zip","2811E9F70431564B3C7B6163F38B34E6948CAD95DB6068520340F97566959C52","1","empty_negative"
"train","hn_picture1_0025.jpg","picture1.zip","2D841B2C82DCFACCF456C676ABD81BD47429D6F0CCD11B3582B3A7376C2DC5D9","1","empty_negative"
"train","hn_picture1_0026.jpg","picture1.zip","D5987AD3909EB16517ECABC37AE3821701037725AEEFCBD1F3D6944AF349FEE9","1","empty_negative"
"train","hn_picture1_0027.jpg","picture1.zip","2B61DCA612EBFB7F3A6ABEE0057DC3707435803EF3FFB7894C93C771FF545C9C","1","empty_negative"
"train","hn_picture1_0028.jpg","picture1.zip","1B0DC2362451EA0803D402792BB3D6D87A55144A1D4A613D6C8F3B1E1A2BBE00","1","empty_negative"
"train","hn_picture1_0029.jpg","picture1.zip","FE339BB1865152553DE9ECF3BE3F7B6CA772841CC8D9DD2B735A763A2E7F579A","1","empty_negative"
"train","hn_picture1_0030.jpg","picture1.zip","9C013BCD222972ACCBF8116DA1B804D0F1537A15B9334C5D0E3C0FC5521E2D8D","1","empty_negative"
"train","hn_picture1_0031.jpg","picture1.zip","5BDB91AB7B4301CD5B2A238E52F6B0571E1C4752222D708B4F3ACAD15458F633","1","empty_negative"
"train","hn_picture1_0032.jpg","picture1.zip","BB95C4DFDCA9C37ADB1D6C786A9C83D6955CBBE813A75C2FB74B405CE7385D5E","1","empty_negative"
"train","hn_picture1_0033.jpg","picture1.zip","4A369A99FC3533FFDA8AED642468186E003F4564E0B4FC37E84F2FE5A1E12E64","1","empty_negative"
"train","hn_picture1_0034.jpg","picture1.zip","1FEC86079E6818508BE0762CA21C06396D2ECBFC2D11906F484C2973E385190A","1","empty_negative"
"train","hn_picture1_0035.jpg","picture1.zip","CCE81108D898C19B33D25231831400FA05A37C06597E5D84F6B396BC6B6509EB","1","empty_negative"
"train","hn_picture1_0036.jpg","picture1.zip","A366A74DE57CCB44B9BD8AFA3465550F29CA5ADC4C908BB3AF822DDA8E71117E","1","empty_negative"
"train","hn_picture1_0037.jpg","picture1.zip","796D5B70797B9990EFADDAA8482B76B3949953BA0254B24F56BF79BC0E40AD0F","1","empty_negative"
"train","hn_picture1_0038.jpg","picture1.zip","908E1ABE3B8981059868EEE9DF3C3FB9A28D3A04D6736D3ABA33B181907BC73D","1","empty_negative"
"train","hn_picture1_0039.jpg","picture1.zip","3F7A08F8172ABF380C59F83A7B394985E26BA118F8D90D6473321D1459783E6E","1","empty_negative"
"train","hn_picture1_0040.jpg","picture1.zip","1650A358F3DCF07F9078AFAB9D32DD294634EC0448BB963A9A3120A5FCAA24BA","1","empty_negative"
"train","hn_picture1_0041.jpg","picture1.zip","E196A3E66B84452DB4905FE8E82F9B91D2C5BA61CB998A7CF2B694F8BEF1FE80","2","empty_negative"
"train","hn_picture1_0042.jpg","picture1.zip","86FD372311ACBCFF6A4D14D46E5F014ACF69F8562CF7E3A324A244F1097AEC45","2","empty_negative"
"train","hn_picture1_0043.jpg","picture1.zip","6332C4EACDDDBF65BD1070E7A5FC710B4709BC5A383D8BD548327E7AA6E8BCDB","2","empty_negative"
"train","hn_picture1_0044.jpg","picture1.zip","B2EF03103ADC28D0DA37812A24451348965653A168953386AF235FA3EEB0BF7C","2","empty_negative"
"train","hn_picture1_0045.jpg","picture1.zip","E878572930FBCA21056BC1FB4CDEF4A9D42DBDA45FA4CC8B7C44A9232CCC5069","2","empty_negative"
"train","hn_picture1_0046.jpg","picture1.zip","536B1DBE7582043F672FFFE25365E9A2D2AC7F71C0EA186FC4C03FF2E621F30F","2","empty_negative"
"train","hn_picture1_0047.jpg","picture1.zip","94DA2F1127FB6F8599D47146A61332ECE03C2C65B4E97B12056F22B5E7AE531D","2","empty_negative"
"train","hn_picture1_0048.jpg","picture1.zip","A063BBF56161D66640DE6C320F2B038DF544E302453731DB20567D5B4663A92B","2","empty_negative"
"train","hn_picture1_0049.jpg","picture1.zip","B878E34AE78CB1978ECC6919E91FFA32CF1B95052458B24C10E4BEE7872B181D","2","empty_negative"
"train","hn_picture1_0050.jpg","picture1.zip","4B0FDF79195281F94F67754E5FD231998C441FC11777C71950E84A4D328584F2","2","empty_negative"
"train","hn_picture1_0051.jpg","picture1.zip","FAD0B23BEC7F9C983144376A1A0B12A916BC940CF8959480BDAB816801BC3BFD","2","empty_negative"
"train","hn_picture1_0052.jpg","picture1.zip","8DE9557A68842028D5BE7BACE45A030C73478EF0DB100047A57760E3E705EAA1","2","empty_negative"
"train","hn_picture1_0053.jpg","picture1.zip","E0B7E80D9A82EA84B122BAD868FC716AFEB652074D2FB05110084336D70C285A","2","empty_negative"
"train","hn_picture1_0054.jpg","picture1.zip","45CE3648BF20FE418E75586C72DD65B0EC87BCFB287F8A78FC6D9A58BF697D0E","2","empty_negative"
"train","hn_picture1_0055.jpg","picture1.zip","0236BD2085453B24B59EB7ED46F802F84E90CA0E60A980BBD385E4D978D31886","2","empty_negative"
"train","hn_picture1_0056.jpg","picture1.zip","08297F21114F3DEA846767F19C4F858AB12975DC42FDF3801CCA9E797D1966F5","2","empty_negative"
"train","hn_picture1_0057.jpg","picture1.zip","5B5B5A44AB28007E262C17D2D7AF9FF78C266F83CB1767E3EFCA850BFB33F7D3","2","empty_negative"
"train","hn_picture1_0058.jpg","picture1.zip","061797A78BBCF5D4CC0F91FFB5443ECA62AAB8B23600CA542BCCFBC9EF9CB68F","2","empty_negative"
"train","hn_picture1_0059.jpg","picture1.zip","56A5BB1D513A542F4D95299D5CA43B28CFDC383A901FDF82AA82B9613A6B79F8","2","empty_negative"
"train","hn_picture1_0060.jpg","picture1.zip","EDF69C74CEC4546B99C5314E39734A1004E9536521AB7990FF3C19667DB059EE","2","empty_negative"
"train","hn_picture1_0061.jpg","picture1.zip","6883F6A9FB99173E2535897C1834A644EEA7F05DA01F3BE82E70C91546D319E4","3","empty_negative"
"train","hn_picture1_0062.jpg","picture1.zip","F564EDA5BFE06B5257EE45530DD3B965B67CFC114B7E79636BC51A789D73A876","3","empty_negative"
"train","hn_picture1_0063.jpg","picture1.zip","D351A7F20DB4057F8E6CC6BD46AE20AD085F048F3028D2C5A57B67E13BACB5B6","3","empty_negative"
"train","hn_picture1_0064.jpg","picture1.zip","25A1410F98E2F509AADF3D8D4C75B2E5666C99810DF6DC7DA703A9E65D77FADE","3","empty_negative"
"train","hn_picture1_0065.jpg","picture1.zip","0AD95DF058D9985EF12A0FF84D48953745369AA6EDA3BC62B5134968018D43D8","3","empty_negative"
"train","hn_picture1_0066.jpg","picture1.zip","2E08B3368ADDA99FFE9BBD3D5B1F5939574CBE9529C839373F22FF34264DEBA1","3","empty_negative"
"train","hn_picture1_0067.jpg","picture1.zip","32E077439F083028D2BDA708112233DD377E6949F56FF7870A30AC5C5FB10DD1","3","empty_negative"
"train","hn_picture1_0068.jpg","picture1.zip","7106532767C00AA15D61FAEAEB40E98BFE87FBAA5E10EA01768E6396D609232A","3","empty_negative"
"train","hn_picture1_0069.jpg","picture1.zip","1F03183257B4D2FABEB8930B92DEBA60D0E05E75C1F89D836C2FD2116CCB069B","3","empty_negative"
"train","hn_picture1_0070.jpg","picture1.zip","2929FEB6BCB4F0EFAE1A72F6D5E1E588A003C14066673A84B37F9A169329EE15","3","empty_negative"
"train","hn_picture1_0071.jpg","picture1.zip","3C6F8FB4B613EC2B9195AD6351ECCCC512767F8191F71A60DB9B36CF2C6FFEFA","3","empty_negative"
"train","hn_picture1_0072.jpg","picture1.zip","7E9CBE8F157D90F1C6153E4D049957B492D321DFD79C1AA9D02463B74D2D748D","3","empty_negative"
"train","hn_picture1_0073.jpg","picture1.zip","83AE414E741413705FD53BD04F1C28F3C5C1D634A71A5A76244257CD67A2EDFC","3","empty_negative"
"train","hn_picture1_0074.jpg","picture1.zip","904D12864CC429C49149F9BE8AA3BA3CFAE71BE5C6B9362229A076347E1920E6","3","empty_negative"
"train","hn_picture1_0075.jpg","picture1.zip","05B1C56DE4BFC735A29308D4639232FF6EAFF80C6C0170F2FE9865517B897F58","3","empty_negative"
"train","hn_picture1_0076.jpg","picture1.zip","4A23E41E8F6E3D3DADC4AA0AC92E5EE05259658517EB38C196B384AB3BE6590D","3","empty_negative"
"train","hn_picture1_0077.jpg","picture1.zip","B1F295D5CC061A3756C6810E8D683EBE7C356BB5E3F4F397758C7F6AC542CAAE","3","empty_negative"
"train","hn_picture1_0078.jpg","picture1.zip","756C20ED65275793FDA27DB9FE83668A801D75A10116D84B1097EB9DFAEA548D","3","empty_negative"
"train","hn_picture1_0079.jpg","picture1.zip","8FA8C874E7037FE9DA37F32AD8DD6AEEB50F7F25283A117E5D3303D7E10ADC46","3","empty_negative"
"train","hn_picture1_0080.jpg","picture1.zip","7C243BAADC646316D591CD8329EE73F10648498B316A9222E71449D72062091D","3","empty_negative"
"eval","hn_picture1_0081.jpg","picture1.zip","EEF97724043C151075E1D437B0E80526DFCA59C38493B1B7F0EE83ED2FEB2A75","4","empty_negative"
"eval","hn_picture1_0082.jpg","picture1.zip","332C61F77C53C03F9C33B27B90076396572019596FC60E9D7EEA98777703D971","4","empty_negative"
"eval","hn_picture1_0083.jpg","picture1.zip","736D56050F4F1476496E01B5AEA66FFB3E88D4910A56598D8FDDA2CEEA957D1B","4","empty_negative"
"eval","hn_picture1_0084.jpg","picture1.zip","03F3FAC0CC1497E8E78A32B1F1FF00F0C4259E77DC7BB1340E03E4F446309914","4","empty_negative"
"eval","hn_picture1_0085.jpg","picture1.zip","375AAE6439D7CA61662993FBAA5EA146F3DB3445037C7044E44A51DFB9F3CA3C","4","empty_negative"
"eval","hn_picture1_0086.jpg","picture1.zip","959B4FB6505B2F5CBDC7E6D37C8556EB76ED268CEF50B8DE86630A7CF0BA104F","4","empty_negative"
"eval","hn_picture1_0087.jpg","picture1.zip","2720FE70A15A988E4E6CB663492C3C48372A29F21D0122F80CF0AA465366DB23","4","empty_negative"
"eval","hn_picture1_0088.jpg","picture1.zip","9F640777232F0D8C3872EB4FE10B73166595B8A750977BF7BE43C9DA9FCEA613","4","empty_negative"
"eval","hn_picture1_0089.jpg","picture1.zip","D7C0D5017ADD2A4AFC7C4FE985D0312D68B2E3900896CBD71E34210C15D1F38B","4","empty_negative"
"eval","hn_picture1_0090.jpg","picture1.zip","1C054DF8235D75A7F4D24E09E2A86A207BE68EE631D4B67261B5BF368CFC307C","4","empty_negative"
"eval","hn_picture1_0091.jpg","picture1.zip","918444F068CCABD19A9D65585F6DB808C45E7EA953E969CA1F6C94394AC38ECA","4","empty_negative"
"eval","hn_picture1_0092.jpg","picture1.zip","567F306611D2B6F71DE1EAC7C1AA7CDF4BDD78686C90AE11F3FA61487CE15952","4","empty_negative"
"eval","hn_picture1_0093.jpg","picture1.zip","DCABFD10AAE47A86AC392BF41F0C5902258D0855FD542818F8F870B7C5D1B4C0","4","empty_negative"
"eval","hn_picture1_0094.jpg","picture1.zip","06B22CA61EA5851A338C5E468385E7C99EE84BBEE36808FF9F88F0B9FD74FDF5","4","empty_negative"
"eval","hn_picture1_0095.jpg","picture1.zip","41FB4E5B5F4B8D02842737449A5CEBAE13C6E9A476CCAB86E358577264D37700","4","empty_negative"
"eval","hn_picture1_0096.jpg","picture1.zip","63131D87E3CC4CADBDE1E80418F70E8550D72DC78DF118532B83E837D0B2A6E5","4","empty_negative"
"eval","hn_picture1_0097.jpg","picture1.zip","990FCA2F19507A14AA142AFD3AAB92946732BA6F7E4D36E9C21FA5917E564EBC","4","empty_negative"
"eval","hn_picture1_0098.jpg","picture1.zip","DF6A828D50B3D0A2B5FD1E49B3EDDE87CA8919FA9E94B2D62BE35980DB3A5CC4","4","empty_negative"
"eval","hn_picture1_0099.jpg","picture1.zip","55A0AFFEB6EA0BE56AA35DA837A58240FA1CC11EC22D13D53B733AE27116A47E","4","empty_negative"
"eval","hn_picture1_0100.jpg","picture1.zip","9E749D81823C85C93A4CF93C457A6E762A6F9BC9C07221B310DC663F4B268E31","4","empty_negative"
"train","hn_picture1_0101.jpg","picture1.zip","2D1D4EACB64D2A3D83969A30E675DE076E297C3861A3EDCD0295E5904E536E7B","5","empty_negative"
"train","hn_picture1_0102.jpg","picture1.zip","A8EF73FC19EC7EAB440BBC4E1F4BAE98F44FF58B65724B1D9FB4422BF463A51A","5","empty_negative"
"train","hn_picture1_0103.jpg","picture1.zip","505752C89C5F0164A42A98E225ED85338E84F6B09968B4C7170078FF4F6988C3","5","empty_negative"
"train","hn_picture1_0104.jpg","picture1.zip","AC038D4322814BECE6EF4D5650DBEF44FB6CBDD420E7235BAC0915F3932FCF0C","5","empty_negative"
"train","hn_picture1_0105.jpg","picture1.zip","8BC46127B0D3920AE955B72FC0A1DB844E9407177FA08813CD6243A50EB860F5","5","empty_negative"
"train","hn_picture1_0106.jpg","picture1.zip","DAF0814B75C29AC108ED3A03565A84571928AE48B38420658434136C26CC0CFF","5","empty_negative"
"train","hn_picture1_0107.jpg","picture1.zip","98841FA922BAF6CBACCD24EADE543D6D51C3C5EC53ACAF296F6EF93C33FC8BB0","5","empty_negative"
"train","hn_picture1_0108.jpg","picture1.zip","AF142CB59C8DA0205003062277EBC51189697292D09AF36F22F1E60607D44024","5","empty_negative"
"train","hn_picture1_0109.jpg","picture1.zip","B7FA707F5F604C9E7DFE384A3F544E1A7241D9E2602FEE8E42321766AEA19E8B","5","empty_negative"
"train","hn_picture1_0110.jpg","picture1.zip","0AC1DD2F1032E19AD41C7B285AA30336BDE4AF42B280DF0FAE8AD98433835053","5","empty_negative"
"train","hn_picture1_0111.jpg","picture1.zip","1A9B06F89D623F0AE7BACC8C1BCEBE7A5E243C76667090575FECF774B1E6C5AC","5","empty_negative"
"train","hn_picture1_0112.jpg","picture1.zip","F632410D7DADE81B24EB68AC8BE208F78A21AE4D8626F69AF6F407A6705428A3","5","empty_negative"
"train","hn_picture1_0113.jpg","picture1.zip","3493BFBDE672142DEEF05253BA8507BFE0B92282DBFE7D591CD597217A4691DE","5","empty_negative"
"train","hn_picture2_0001.jpg","picture2.zip","B1593D813B1AFE40BCF57CE7F568008B2C57CE5AC94E3BE6DB85FEB02BC8D5FE","5","empty_negative"
"train","hn_picture2_0002.jpg","picture2.zip","A57558ACADE170CE3F428B299F99532E46718953681FC9B7980D947B7F9B4881","5","empty_negative"
"train","hn_picture2_0003.jpg","picture2.zip","52E8721680EE56C78354A188FFB060B98E16D0BD63F8CE0BE5785102DD4B0EB8","5","empty_negative"
"train","hn_picture2_0004.jpg","picture2.zip","C4FD78B1CFC7EDC6C8BDA92D91A79168B7BC04B867DA975E4069D7AD984E4A7C","5","empty_negative"
"train","hn_picture2_0005.jpg","picture2.zip","75AFCDAD3F0CB96F194E49E5D675548BA49452A7D091C0B26A4EAD736CE25BAF","5","empty_negative"
"train","hn_picture2_0006.jpg","picture2.zip","30B4EBD4CD66EB5083E95826E1DD01321896E126C02C9D348B94A9B57ED02883","5","empty_negative"
"train","hn_picture2_0007.jpg","picture2.zip","02A6CEB59E1B76CA1CE2F6AC679BEF42B7E7C655669BBB434DFDB7097D30C9F8","5","empty_negative"
"train","hn_picture2_0008.jpg","picture2.zip","18ECBF4F0689AEB38BD83BBCD5AAD84077221276ECD2DB9B17DF68BF348198F8","6","empty_negative"
"train","hn_picture2_0009.jpg","picture2.zip","16DE09DD052BAF8E138A236DEFBD6BBD19382549DC54F87B08EF46E4B6B8082E","6","empty_negative"
"train","hn_picture2_0010.jpg","picture2.zip","F6F520E69CC4FCF0FA1AB7CEC3B9387A40582221953F2B57C84E59C69E5D3EEA","6","empty_negative"
"train","hn_picture2_0011.jpg","picture2.zip","DED79C9A8D6CC49E09E22ED7CBC87F6F226377110AA6505A180726BC3118AEC0","6","empty_negative"
"train","hn_picture2_0012.jpg","picture2.zip","CF3E931AC97003B4664B61D1E60B52E5F8089C37ECB7191B59414D9FC7B6F5A4","6","empty_negative"
"train","hn_picture2_0013.jpg","picture2.zip","8471185F9B294C707F7965E47D0FC97E4A3B1B084C10FD4F68A39B0A01FB2CBE","6","empty_negative"
"train","hn_picture2_0014.jpg","picture2.zip","85CB613E4E8C3AA9EEFC9086D35E4ACDC94D8F1E9F1AFFD6F49B8670241377F6","6","empty_negative"
"train","hn_picture2_0015.jpg","picture2.zip","F59ABFE14A75DCAFA920FE39F079344C5A8CC871D4AE5E760E16FFE224B1FF7F","6","empty_negative"
"train","hn_picture2_0016.jpg","picture2.zip","434747384526AA279F9B99ADAC2F4CA5D60CE87C94E4CAACA9357CEC40B5E032","6","empty_negative"
"train","hn_picture2_0017.jpg","picture2.zip","64F2B6AE8CF5EE9F33ADB79214BA1A654D2979E1F509B874261C2A6332DB2857","6","empty_negative"
"train","hn_picture2_0018.jpg","picture2.zip","BE9E2F68A87CC8FD1C17731994C4DF8451B103C353A36BC8CDF43E44E283B222","6","empty_negative"
"train","hn_picture2_0019.jpg","picture2.zip","6B0EB71B46A9BC402E15683BD3397C0A2A29461CEAB694AFB6CD18C7F4B5CC16","6","empty_negative"
"train","hn_picture2_0020.jpg","picture2.zip","C039F37566F481FAEBDCA1F4768DDB241D6AED032F5953B30C8BAC395B1E960F","6","empty_negative"
"train","hn_picture2_0021.jpg","picture2.zip","B42FFE7055B2C79EE7A3435EF3F53C3A796A18BEC2D936459520557D2AAD769A","6","empty_negative"
"train","hn_picture2_0022.jpg","picture2.zip","EEF1C5A899D587793BC3FE584A0E65CF62EE6D5059FB1E9145368F7D39A737CA","6","empty_negative"
"train","hn_picture2_0023.jpg","picture2.zip","2B351C63972F4316B390667698759EDB98E18B8704EF7DC232F861657694582B","6","empty_negative"
"train","hn_picture2_0024.jpg","picture2.zip","404EA7C019260BDE6508B6C7AE234F3326DD0F19199161B20796233FB8A57F7E","6","empty_negative"
"train","hn_picture2_0025.jpg","picture2.zip","BA11BEB937F5C70B54D3904623F3459C254EA6FBFD52628DECBBD370E342AA75","6","empty_negative"
"train","hn_picture2_0026.jpg","picture2.zip","ACA99675D087CBBC286C726752C042F877C3A17718F1EC62871B37D67BB9518B","6","empty_negative"
"train","hn_picture2_0027.jpg","picture2.zip","9EC6815CE4305FBC7299311EE2FCA9D0A005B57184F532E9112A3EABCED8E429","6","empty_negative"
"train","hn_picture2_0028.jpg","picture2.zip","F4C1892D233EFA1F0D51A763C435584DA764B05509C4B8EBA8D12919D00C4BF8","7","empty_negative"
"train","hn_picture2_0029.jpg","picture2.zip","EBB1035D35458A53F7081E73BA624C13F79F831FBFA75659877D9C5113ECAC4D","7","empty_negative"
"train","hn_picture2_0030.jpg","picture2.zip","361C1ED2CB67D41476F2AA41BE34A21AF7C94A52FA77DA3B2A5661CDD84B13FE","7","empty_negative"
"train","hn_picture2_0031.jpg","picture2.zip","1D8A76A21BA7364879A13D27A7792506605AA55BB90653249A7F4DA237A02525","7","empty_negative"
"train","hn_picture2_0032.jpg","picture2.zip","70858E9EFED7DD8E8BB73609BCFEC1EEE54E9CC4B8A2480AA9FD812EECA57666","7","empty_negative"
"train","hn_picture2_0033.jpg","picture2.zip","60862DE9FAC11A9D72343EBCEFFB9DD1E382D4BB1BEF6A79B57B365170E34EBC","7","empty_negative"
"train","hn_picture2_0034.jpg","picture2.zip","6497AC57DCD2F7AB0BE63F2B1587AFF9C4390746079C8D09287B26B3A5982C6D","7","empty_negative"
"train","hn_picture2_0035.jpg","picture2.zip","7730EE3C6619CF43EB03756BD5A0C4DD052E1F7EB5F8ABA438DC6DF883CD01A1","7","empty_negative"
"train","hn_picture2_0036.jpg","picture2.zip","295A4181BC00BF07265BBDB0DC699F05D9F10B7C261094E6B91FCE52179A757E","7","empty_negative"
"train","hn_picture2_0037.jpg","picture2.zip","36EEEBCEE40192C913F629E50C65148DED816D471078B21F9909033BF143A4D3","7","empty_negative"
"train","hn_picture2_0038.jpg","picture2.zip","B3980430AB9662FDE77EAEF2456A2C72A0A6FC947CEA2D679827DA94113C3E3D","7","empty_negative"
"train","hn_picture2_0039.jpg","picture2.zip","9B6B154E4F441CA5939EF249665FF16E4DD6AA3771852540FFE0DE2CA77554A4","7","empty_negative"
"train","hn_picture2_0040.jpg","picture2.zip","9A49736872996B0179D268E9B59E7B1A4B00A6962D4945839B04A7FA3D676913","7","empty_negative"
"train","hn_picture2_0041.jpg","picture2.zip","33E34D53E93AF5EBFA403B19C1188C5B0D36248D002065FAB6752C73695E85A0","7","empty_negative"
"train","hn_picture2_0042.jpg","picture2.zip","DF49926D7C8182E2646FB543D58599601520C1B8E9AA9B28930265A7952AEA49","7","empty_negative"
"train","hn_picture2_0043.jpg","picture2.zip","84C3462C12F5C30E08B1312CC6CDA06D179D31320E47079AE45221BEFC1E3692","7","empty_negative"
"train","hn_picture2_0044.jpg","picture2.zip","87505A1F5B590AC671A1E9603691F9C8B80E4B535F8162E7C36F405549D3F70D","7","empty_negative"
"train","hn_picture2_0045.jpg","picture2.zip","54510393ECD652F12A28174096F7458C7BB812F1D2B9D304B00C93F5FAC7CA6A","7","empty_negative"
"train","hn_picture2_0046.jpg","picture2.zip","89BEB6365D957419B46FA01FC857B0C7E03EC50CC09E4EC24622C377D580C7D4","7","empty_negative"
"train","hn_picture2_0047.jpg","picture2.zip","7B41071C8421213543F55A2236D7AFD266520E1739FF93DB55411FFECE804D42","7","empty_negative"
"train","hn_picture2_0048.jpg","picture2.zip","0C491F9948BD9539F27214129FEF885B2AEADA470BE84116CEC8C98EC37C0CDC","8","empty_negative"
"train","hn_picture2_0049.jpg","picture2.zip","B82F71CE21DC3A7046CF186F3C0E6280554D4C10A845DD70D6E3D07B46BE1ECA","8","empty_negative"
"train","hn_picture2_0050.jpg","picture2.zip","BFEC1CE67D95C69845FC3FAC7FE3F84BFCF82720D8E7F5F6C370EF84D7D46827","8","empty_negative"
"train","hn_picture2_0051.jpg","picture2.zip","967ADF488A40E18F9592C9586E3B0E5D92AF56E7471FBAC880DA7E04B55DE38F","8","empty_negative"
"train","hn_picture2_0052.jpg","picture2.zip","8313A214921F1144C0C7BEC522A15E749DD3C490BB1EF1F0196552A475482151","8","empty_negative"
"train","hn_picture2_0053.jpg","picture2.zip","BB3C3B2FAE86EC6A94DF639AC8BB23E445B9C0EAF62DF4AA059C3FE3145DC739","8","empty_negative"
"train","hn_picture2_0054.jpg","picture2.zip","821608A7FC171003E82179943B410C64241D7FDEA2517273C5FE2E8133F615D7","8","empty_negative"
"train","hn_picture2_0055.jpg","picture2.zip","F11330DF8168D8DBC932D66C21C2BBE9D552496269B7C8B2E3613D2E60F0A4F7","8","empty_negative"
"train","hn_picture2_0056.jpg","picture2.zip","1B2CEB92A76F6CE9B640A4AA9CB3A6EF135CACDFDC842DC0657BCF042EE691FC","8","empty_negative"
"train","hn_picture2_0057.jpg","picture2.zip","5DA64131A9E932F844755CA917874EDD8FD890E6AF8139BED8B16A0F76ECF336","8","empty_negative"
"train","hn_picture2_0058.jpg","picture2.zip","1B534FB09EBF48F635316EFDA1CBE4F27DC493C7C8C821431D3AC62871FDB881","8","empty_negative"
"train","hn_picture2_0059.jpg","picture2.zip","C23469B5FF09F17CBF64D84E40EED2E7CD05038409138C73C623D7569C0C596E","8","empty_negative"
"train","hn_picture2_0060.jpg","picture2.zip","C020EE709553507EBBB3FF732D6DD7D4EACB13182CAF7A9DEF532C2FB842FD67","8","empty_negative"
"train","hn_picture2_0061.jpg","picture2.zip","6BC8CA94A23D3D1C28DD92EEA382F3EA40D754F8B7A54728F93FA909A207F13D","8","empty_negative"
"train","hn_picture2_0062.jpg","picture2.zip","6C1AEF76603A5AFBDE9BB3E1A23B464C68EF878AD667537BCC522ABA44F3C0E8","8","empty_negative"
"train","hn_picture2_0063.jpg","picture2.zip","FD891EB1AF556FCDE31B606C80BADCE89812C612D8B6B40228D6CF29F71011A4","8","empty_negative"
"train","hn_picture2_0064.jpg","picture2.zip","85C180B2A6D6641C0124E069E1C248B2813CCF211ADFF1809F44D2B8F966F339","8","empty_negative"
"train","hn_picture2_0065.jpg","picture2.zip","F1D34CD96022C86136A20A561DC5D5B9BD3903E113A61D1E42CA96EA9056A7DB","8","empty_negative"
"train","hn_picture2_0066.jpg","picture2.zip","93A4105226C66502AB55F53CF583E9F619E2E3F1107565CE305E02247D5377DC","8","empty_negative"
"train","hn_picture2_0067.jpg","picture2.zip","4C97AF35876B2A162FBFB8242A35406925DF40A4C94871D1ED74604871B022A5","8","empty_negative"
"eval","hn_picture2_0068.jpg","picture2.zip","E1EE0A738546368E2776A80A51E5CCE26FD5CD6E1001FDB8A89D0AA46985CCAF","9","empty_negative"
"eval","hn_picture2_0069.jpg","picture2.zip","542568BC83734E4D667609844D5390D897A89CB006949503A9164EEA095D08AB","9","empty_negative"
"eval","hn_picture2_0070.jpg","picture2.zip","18218EC224BF76C88570726C2C96FB70E49B77160F85413F78ECE280FFF0F85A","9","empty_negative"
"eval","hn_picture2_0071.jpg","picture2.zip","EADD9B414F612BA8E9A6AA231A140E6C274F1E0D5F28C346286DEC242C6BD8F0","9","empty_negative"
"eval","hn_picture2_0072.jpg","picture2.zip","B0327FE1AA099F4B9D89926E6F426CEB8984C939ED8F0FD99733326964417DB5","9","empty_negative"
"eval","hn_picture2_0073.jpg","picture2.zip","835F6F5AA6047D6B6F35B146856D9A15C33CEBCD1B94FE4AFD04C456DE1BC7EC","9","empty_negative"
"eval","hn_picture2_0074.jpg","picture2.zip","94492C8131875FEE20AF4FF638E92373C729E7F5C9E2FD08D5DD661945236498","9","empty_negative"
"eval","hn_picture2_0075.jpg","picture2.zip","5104D235D324728D461943962C384679F235712EAE5C16EA306A60C79AEF261A","9","empty_negative"
"eval","hn_picture2_0076.jpg","picture2.zip","B7A1C5DB8AC591288C511F4AF1432A26F124F14EF1742B18AF05C6D70A7EC267","9","empty_negative"
"eval","hn_picture2_0077.jpg","picture2.zip","FA751543A7937215C9FAAA1157C0F13743576CDF553E4252953688D6128E98CC","9","empty_negative"
"eval","hn_picture2_0078.jpg","picture2.zip","9394DEE06A8D8D456F869DE9E742B405AE186ABF642C8613A83CBC102738699A","9","empty_negative"
"eval","hn_picture2_0079.jpg","picture2.zip","F76F77A0A13117DDB753B31D97F9F94DE93840198FFDEDCD84CD259369559C80","9","empty_negative"
"eval","hn_picture2_0080.jpg","picture2.zip","3C07608967A2E3927441C68A7F2E60DDB2B2CC08E554B1AC1054FB074C848266","9","empty_negative"
"eval","hn_picture2_0081.jpg","picture2.zip","3FA99EC8A3A655287519476B14C8CF54C50B05D16974008544153439B89C7746","9","empty_negative"
"eval","hn_picture2_0082.jpg","picture2.zip","FF76D4CCB5A1CE4BD5C3EC7B447DE5995EE84C75B6F3BD9F087E0F176163FCED","9","empty_negative"
"eval","hn_picture2_0083.jpg","picture2.zip","BA57283BA8E3B2BA6DE9888A76DD13F2F672BF4A269C1C464D29A8DE9F7F2E66","9","empty_negative"
"eval","hn_picture2_0084.jpg","picture2.zip","EBB6B92AB21BFE91116525DA46A6A4B29B9A7EEE2503BA0CC8323FF2154533D5","9","empty_negative"
"eval","hn_picture2_0085.jpg","picture2.zip","0E6E25CEF48EB09F1B586D611AB106AF1A4D2CDCAA77442E8391822155951AC7","9","empty_negative"
"eval","hn_picture2_0086.jpg","picture2.zip","31C09B82EAE84339C9E9E6BA0C5887EE5BF84CD70B58FC4786E4650E05A66F48","9","empty_negative"
"eval","hn_picture2_0087.jpg","picture2.zip","E978EBA039467A2327F6D1919451089A1689D39B10ED708B3544E07BABE78513","9","empty_negative"
"train","hn_picture2_0088.jpg","picture2.zip","5E0C795F891C90C4EFDF6184D1671A1DEAC0FFDEB5CB017CCE0FF7D8F0B4E0FA","10","empty_negative"
"train","hn_picture2_0089.jpg","picture2.zip","3B1A4D0473042E09CD8EE5B5B6070A0412A9940D084472C65751B07D61837E9B","10","empty_negative"
"train","hn_picture2_0090.jpg","picture2.zip","84CA4E84152DC5C9C27BE1CD6B504A6D0D82532CCD9CFC4390797B948FBD0D65","10","empty_negative"
"train","hn_picture2_0091.jpg","picture2.zip","51A3C1710AF44A11440D749DBDD79814C661DDC5E40887F76D5BEC84AB88CE37","10","empty_negative"
"train","hn_picture2_0092.jpg","picture2.zip","6D08C21F0CFF0D639CB57011E9C3722906F4E462FF8FCAB8A2F36C29FEEE564B","10","empty_negative"
"train","hn_picture2_0093.jpg","picture2.zip","E409E6402360F32EBEEF02AF1F353046049ACB1A32B40A7705A55DF767EF1698","10","empty_negative"
"train","hn_picture2_0094.jpg","picture2.zip","9C3523A7856EDFFD544F4147C4E035FCC0553C8D655F3CB6644C1FC73B270664","10","empty_negative"
"train","hn_picture2_0095.jpg","picture2.zip","6A837606E6BA730E126B4E5D5010BB6FC6AEE35D7707F2724EEAF3EC47B3394D","10","empty_negative"
"train","hn_picture2_0096.jpg","picture2.zip","AAEF6141CFAF9069F09B398E0CC4589182429475E5C0BF0F8019B65707A23114","10","empty_negative"
"train","hn_picture2_0097.jpg","picture2.zip","D16C2CE55A781503E3202C82C79E5912FDAA52670556018EF1A3F43BB1DB1E37","10","empty_negative"
"train","hn_picture2_0098.jpg","picture2.zip","2DFBF03219B2F2F13FE28B1DD1D56806E729FF90A61C5EA06D1E64E34B1E07C3","10","empty_negative"
"train","hn_picture2_0099.jpg","picture2.zip","59B2A0FC16D7FBBC5CD682F4577E4DE8E6D134DF002156C4826939DFBC995019","10","empty_negative"
"train","hn_picture2_0100.jpg","picture2.zip","02711EF3EE663155CF6540D8C9285AC8BFC6B46CB1795665ED1D79320959E335","10","empty_negative"
"train","hn_picture2_0101.jpg","picture2.zip","9AB704A9859BB1CA1FB13EBB8991A7B8478698BA0AAE05854CDD86546F55E56E","10","empty_negative"
"train","hn_picture2_0102.jpg","picture2.zip","90C44171609EE280E1A2015DE9F3F5F825E4E37947D250A1F41259B912AA5230","10","empty_negative"
"train","hn_picture2_0103.jpg","picture2.zip","F972C58503DC2A4D08162C42C8703B3AD06D35999028A4EAFB1AC68B805231D9","10","empty_negative"
"train","hn_picture2_0104.jpg","picture2.zip","51A9CB7AEDC46B41E83B6F87820D7E9722F407D5D481CDED11E18E99FE19A231","10","empty_negative"
"train","hn_picture2_0105.jpg","picture2.zip","CA2D207312CDD15C07D67DAA218974BDF6AF10EE5CD7DC01BD2864A745A3664D","10","empty_negative"
"train","hn_picture2_0106.jpg","picture2.zip","C49ADBC926E37284A71BC594709557651A3B88273E3A7EF5A248174E305EE854","10","empty_negative"
"train","hn_picture2_0107.jpg","picture2.zip","7EBEA40CF4057E10033D8D71679A87EE589E12A38E795703A8BE424598643706","10","empty_negative"
"train","hn_picture2_0108.jpg","picture2.zip","99767FC7E8B2A0099F644968053C118005E204C58230301D78CB5FB102643CF9","11","empty_negative"
"train","hn_picture2_0109.jpg","picture2.zip","6F557B2B42B9446C733FEBD4D4594C468504C04C6851D7A5602C5C9DE1BCBEB7","11","empty_negative"
"train","hn_picture2_0110.jpg","picture2.zip","41602242E4AC4E37F3CD3FA9B7283EF9047479B4B3D5B7051372AC52E7C63310","11","empty_negative"
"train","hn_picture2_0111.jpg","picture2.zip","3DA63C543CBFB2172DC803EF04F4CA57D196A22E4E16150E17D340B141AFC67E","11","empty_negative"
"train","hn_picture3_0001.jpg","picture3.zip","63135A8DCEED1FEF5510B25DEAB96FEB2AD11AA5DCBC30FA7F8EC0603619DB52","11","empty_negative"
"train","hn_picture3_0002.jpg","picture3.zip","4D4225C051223FF4A3D9EA3952907CAC19FBAED6EC29BCE0EDB5EB3E69DC6306","11","empty_negative"
"train","hn_picture3_0003.jpg","picture3.zip","5EA0D805C4877100F39C5D770FF277F9CDBE33605DF133C62CA4ABA11B60BA4C","11","empty_negative"
"train","hn_picture3_0004.jpg","picture3.zip","89316C3C374C16FFE790879DCD529482E281AF4639A836935718E9EFA64EF5D2","11","empty_negative"
"train","hn_picture3_0005.jpg","picture3.zip","F3C893FBDD8F7C70A0CAB7F67BF149183259D3B25033A6FCD8FDA484A1A6135E","11","empty_negative"
"train","hn_picture3_0006.jpg","picture3.zip","1B9EF7BE2BB5FDD5C785862F2129F8A1308246B122778C8032047C10D47B750A","11","empty_negative"
"train","hn_picture3_0007.jpg","picture3.zip","2F8F26CCA02C04696DAE7F41C1E4E05CF437E8597F74A3DFB248D0EA28E255A5","11","empty_negative"
"train","hn_picture3_0008.jpg","picture3.zip","CF85AD17D853D10CE033EC3551E158DBC86DCE417639551E9450E0EC89DE2D36","11","empty_negative"
"train","hn_picture3_0009.jpg","picture3.zip","38CD17D07774502C1DC2898E87EAD09966FEA9C43509E26ED9A0EAC6C1EC7EA4","11","empty_negative"
"train","hn_picture3_0010.jpg","picture3.zip","7ADA82339810ED62963426B7683A495D53A49863DBF1576308914CAC9DE02356","11","empty_negative"
"train","hn_picture3_0011.jpg","picture3.zip","14B3BB3C53D4A56C486B60A1A7CEFCA93AEA0A0738E1F6794596906E7485B4CD","11","empty_negative"
"train","hn_picture3_0012.jpg","picture3.zip","49ECC439082A877FBB317A25F481AB062349174303D9966994996EB816584AFA","11","empty_negative"
"train","hn_picture3_0013.jpg","picture3.zip","5E33F55F1F4C12F917CE130AEB3B13989E652CEFC733B22FE7DE540A837EF202","11","empty_negative"
"train","hn_picture3_0014.jpg","picture3.zip","DD02408989375E74FD34D6C121FA3FDBC52024378600DF40A3A8D2EACA96598A","11","empty_negative"
"train","hn_picture3_0015.jpg","picture3.zip","4CEAFE6DC35A481330F2D5745219150B350377A06375049C2A8EC7511460106C","11","empty_negative"
"train","hn_picture3_0016.jpg","picture3.zip","2CBFA8526B26746A63C522A4F5E316BC16E38F0153B887D814DA6401A89174C9","11","empty_negative"
"train","hn_picture3_0017.jpg","picture3.zip","5D01E29EC6375DB874E7408260EE5D0B6D232915319BE2BC7D8A65215B23F290","12","empty_negative"
"train","hn_picture3_0018.jpg","picture3.zip","9305F3839BCECFF6984675C3217E4FD1FA4A3353F08746E611279E539669B145","12","empty_negative"
"train","hn_picture3_0019.jpg","picture3.zip","36DCEE374868F3F5DC3E279D00CF58F2DF4CCF0A3200F61B6F66A33824405CF6","12","empty_negative"
"train","hn_picture3_0020.jpg","picture3.zip","F8D05EC2593200091CF1D43698CC8397F222E9E2590367937F58C307FF8E5BCE","12","empty_negative"
"train","hn_picture3_0021.jpg","picture3.zip","602F4544DF75CA1FE007839DBA203FFCD1353D922C04261B3FFA27818C109849","12","empty_negative"
"train","hn_picture3_0022.jpg","picture3.zip","4F1CDBB3395601E6343D74ADEF822A47527C7784CB29C665E67588E26F32A78A","12","empty_negative"
"train","hn_picture3_0023.jpg","picture3.zip","202F226AAA539AD5B376D4D75089E1EBCD825EE3281FD01629F82672C528D2F9","12","empty_negative"
"train","hn_picture3_0024.jpg","picture3.zip","51EF5C4F5453472C38F8B72E876BE37EF41A6BAC24527E428D6FE8238C11F876","12","empty_negative"
"train","hn_picture3_0025.jpg","picture3.zip","B25A514F713962ACE5F0F1D1AF646ACE3B2F5D514877269F80F854F497919F5B","12","empty_negative"
"train","hn_picture3_0026.jpg","picture3.zip","0259AE64C2EA26E89C37E58CBF1F80FD1B0574DEF2BF018C4235AFC48FB759E5","12","empty_negative"
"train","hn_picture3_0027.jpg","picture3.zip","70613D346EF399F3F5180B60E754C7B372D4656F00FB56B1DB4F23286D572519","12","empty_negative"
"train","hn_picture3_0028.jpg","picture3.zip","E29AE8B6BFF485E67B17A6A35449BC19F35EA1974FA85802C8BBFBA321B00A02","12","empty_negative"
"train","hn_picture3_0029.jpg","picture3.zip","92EC540A207472E3D3ACB297813B6ED8A6F0B69EA861B2D1C082273912BED3D2","12","empty_negative"
"train","hn_picture3_0030.jpg","picture3.zip","497E5763E4D7C77216FBE349EE833513576AE71C805A87119AA187E788E0ECB5","12","empty_negative"
"train","hn_picture3_0031.jpg","picture3.zip","D0EDB8F8F8796790D84F440B1E60A214778E0F0FAACFE48002C33D8524646E6C","12","empty_negative"
"train","hn_picture3_0032.jpg","picture3.zip","49634CF68E716A2BE59A471F0CEFADD8EFA25A4A49F750B7AA8A3C7687186E80","12","empty_negative"
"train","hn_picture3_0033.jpg","picture3.zip","9F35FEF0D76050F28FE1C06F0D15FFAF0F9E2D94BC6384F2FA92767D9678F821","12","empty_negative"
"train","hn_picture3_0034.jpg","picture3.zip","76869BECAF24E55F721CDE445B5508E651FC8366DE42F30EDCF99C7F4073BB3E","12","empty_negative"
"train","hn_picture3_0035.jpg","picture3.zip","8EE27E7BEE1B372B2908172AFCD94F2C4FC48482EF3241154673DA681E4BE967","12","empty_negative"
"train","hn_picture3_0036.jpg","picture3.zip","6F719D0D05DFA8E9539CBC75F5E1DB34AC8B8821CF821CF614C7E3CC04915A8A","12","empty_negative"
"train","hn_picture3_0037.jpg","picture3.zip","21017072A1DC16C530A738A430FBDA2BD685EA7DB58135FD1CB26B802FE388B6","13","empty_negative"
"train","hn_picture3_0038.jpg","picture3.zip","99B20836B520808E44D84A29FB1390081CE91464B313BA4033CFB3701258D052","13","empty_negative"
"train","hn_picture3_0039.jpg","picture3.zip","7BE2970612E8B029CB88CB3CB1C01D21A265F81D57C878A8379ABB9D8BD29F06","13","empty_negative"
"train","hn_picture3_0040.jpg","picture3.zip","E6AF32EA47873A6BDDD6499736580B8344F420FD29CC24802E82AF8FD2631FFB","13","empty_negative"
"train","hn_picture3_0041.jpg","picture3.zip","73FCD473D68444C1201B95565E406FE9691DD34ACAD95A89B915466C44D5EB11","13","empty_negative"
"train","hn_picture3_0042.jpg","picture3.zip","AC8C205EC8AB6C1F8C1D5D424EB285FE3A2A024F37261EE5692B7BC101D33F10","13","empty_negative"
"train","hn_picture3_0043.jpg","picture3.zip","6E476019210618116A5440D86BC86D3E64E9A7CFC2078DA3450CD675A629B552","13","empty_negative"
"train","hn_picture3_0044.jpg","picture3.zip","9F60328CDADCD7FD386056B67DB180ADFF5795C3F154B8A74040A27D4EB6B32E","13","empty_negative"
"train","hn_picture3_0045.jpg","picture3.zip","C99487082BF3FA41E17309EC2ADE8081DE03484F58551337964EDD2F99594BC1","13","empty_negative"
"train","hn_picture3_0046.jpg","picture3.zip","C25629E49A8A270241C429EE547CEBE1770EDBD62B589A1A7B1EAA1AA59CAC8D","13","empty_negative"
"train","hn_picture3_0047.jpg","picture3.zip","59A3A32CFDF5D57E24963FB29B05B943BAF843906EC0A032636C089CA02DCDE6","13","empty_negative"
"train","hn_picture3_0048.jpg","picture3.zip","07BDDE404515A2B59325E200EB6AA9A0DBA6241ED596DB05CEC29CA9CD05E597","13","empty_negative"
"train","hn_picture3_0049.jpg","picture3.zip","4BB326738F381D6014540390412EBDDFA6BC9E312F629655AA953EE49ED995B3","13","empty_negative"
"train","hn_picture3_0050.jpg","picture3.zip","82ACDE34E8A100E8D3292C617B8F6857886F59AD49755445085D303FD43EC57A","13","empty_negative"
"train","hn_picture3_0051.jpg","picture3.zip","4FC116BF966C9B378346752E99F832F83DF407FA150C91F00C88BB35A95DE9C2","13","empty_negative"
"train","hn_picture3_0052.jpg","picture3.zip","3E52AD8E226B840C539A5A71D8A6871AAEF876AB471ACA02C4952C229BBB95E6","13","empty_negative"
"train","hn_picture3_0053.jpg","picture3.zip","B4E1924FFBDE25EA80D8F75734C88DE184BE04058A37C2B62AA6099012E9D6B9","13","empty_negative"
"train","hn_picture3_0054.jpg","picture3.zip","180688D834AC31C5F8B29009B32BE3D458EF18D128F3BB3427EA825F3594F05D","13","empty_negative"
"train","hn_picture3_0055.jpg","picture3.zip","63EE62EB8A7DEDE47DABE90A9B685135A47D9581D3C06C35D3BB7599CB24EA6B","13","empty_negative"
"train","hn_picture3_0056.jpg","picture3.zip","9F473E0A089C0233E988F1A5CA85568633740CA8359F5263C543321D1FD82274","13","empty_negative"
"eval","hn_picture3_0057.jpg","picture3.zip","17AA4C35B487A400D4D86B8E5F67BF9D00BF2BF537D468E9E75EAF93D0BC00D8","14","empty_negative"
"eval","hn_picture3_0058.jpg","picture3.zip","9A82E59A0F58F9274F30A99DB2400A58113949544016B0CFCD4F83EB8C562A11","14","empty_negative"
"eval","hn_picture3_0059.jpg","picture3.zip","29187AF0EE6221A4E159EF7D9E207C563389CA860A25BF1D1A13850452BB8329","14","empty_negative"
"eval","hn_picture3_0060.jpg","picture3.zip","04CE385342C751BCB9556C073034F1B35B00A8E8DFA6221C2FAB7F53B4EFEB7A","14","empty_negative"
"eval","hn_picture3_0061.jpg","picture3.zip","78C6113FDDFB7209AB078F11D25A70F51E312B6282B23297ED717778334A3BC0","14","empty_negative"
"eval","hn_picture3_0062.jpg","picture3.zip","DF0E1E98889D0C786078D3FC56EA76ADC54841F7C883D770CDF41E65EFE6BED6","14","empty_negative"
"eval","hn_picture3_0063.jpg","picture3.zip","50E2B647B51294DF938B898CD46823D29908809F39D3EB17F873C0DB76FB5151","14","empty_negative"
"eval","hn_picture3_0064.jpg","picture3.zip","6BCD674EF81E1F7947EB19D4BA3C94E4664536A25BE3952F1DE393BAA8EC3F6C","14","empty_negative"
"eval","hn_picture3_0065.jpg","picture3.zip","2FDBDD6BD3D008351454647976590E383A7D411F4761ADC5D6E61AB8459D9782","14","empty_negative"
"eval","hn_picture3_0066.jpg","picture3.zip","45941CE33773DA201F3FEC06BD00251143806E6F50692A2ECBB601F3DB1EA880","14","empty_negative"
"eval","hn_picture3_0067.jpg","picture3.zip","B848EF375385FD83EE1BD215AE2D90F220D7EBB8606EC707ECD7E7DAF8BA2D0D","14","empty_negative"
"eval","hn_picture3_0068.jpg","picture3.zip","F9CD05DFBCA503007779260831690DD753C8FF5F18337D39D081A86438274517","14","empty_negative"
"eval","hn_picture3_0069.jpg","picture3.zip","6865DC9319C5C28B1BE1D2F34CC642B64E9F05FC668C6CBCC0544AE38E6215BD","14","empty_negative"
"eval","hn_picture3_0070.jpg","picture3.zip","58BDD9B52D2902BA9EC09EA5DF5FDC5834F2530D2384D7980C112D3D4416D707","14","empty_negative"
"eval","hn_picture3_0071.jpg","picture3.zip","3473D52534893A651574A980B483881ECFFD185547CC026F15F43F64312A56D4","14","empty_negative"
"eval","hn_picture3_0072.jpg","picture3.zip","244DFD16A8FA1F1382A7BA76923DF013C62F64E5D64A24133329372E40FE7EBC","14","empty_negative"
"eval","hn_picture3_0073.jpg","picture3.zip","04C0BD7A6E8C7509FF14E6C124B707B98D3BA288DEDF219346BCE44032FC9BDF","14","empty_negative"
"eval","hn_picture3_0074.jpg","picture3.zip","91223C4D744FE2CA9694AA484D8963CACD8531542C42F9A9270E4E6AD7B67387","14","empty_negative"
"eval","hn_picture3_0075.jpg","picture3.zip","46D340D356C413E5FFE3036B32B230E7241449A65390B4F6BF552E08AB02C427","14","empty_negative"
"eval","hn_picture3_0076.jpg","picture3.zip","6A4D9BC1879C57EA1896F19DF2B823692D88FE4FF13C8AF56E1D5C739A980458","14","empty_negative"
"train","hn_picture3_0077.jpg","picture3.zip","91375E157A94AB9005725C93E8C59FAABDADBD1BDB14EE54ABA045883F826881","15","empty_negative"
"train","hn_picture3_0078.jpg","picture3.zip","477A6053FCC8A6ED130FDB21F6D5FF3DB56744C08F333171257C68E7013162AB","15","empty_negative"
"train","hn_picture3_0079.jpg","picture3.zip","789E4A63075D8E25E0C361F9A4B9F8AB9919A3B41D8E9B302A5ADE10CA54B2CA","15","empty_negative"
"train","hn_picture3_0080.jpg","picture3.zip","F0316D55BC3E776D2CBBB5E04A1BBF05D0F0EAB2100405579F7DABF1723B5B81","15","empty_negative"
"train","hn_picture3_0081.jpg","picture3.zip","945C6D1A225B1B3D27FB82347C0861E14F2A2C60C95D3BB7FA70F2915EF3FBBE","15","empty_negative"
"train","hn_picture3_0082.jpg","picture3.zip","37B6A25D51E10D84031A9C94C939DB37DDCD641D151E16031E11727F402B59FA","15","empty_negative"
"train","hn_picture3_0083.jpg","picture3.zip","489D1F5309013AB6237D0BFB0D5C710D3AE0794A30EB99BBEA71329466C3C675","15","empty_negative"
"train","hn_picture3_0084.jpg","picture3.zip","103526376F7107615E532A006FA02B9F42DBFC03F327FECAE1C78A8F61DB3373","15","empty_negative"
"train","hn_picture3_0085.jpg","picture3.zip","36981F2CA48053DCA163B3BFF107B627DDE91D1EB3D23628D24F08011D95540F","15","empty_negative"
"train","hn_picture3_0086.jpg","picture3.zip","055E9A6064A277402EA6B92D2F568446CC7543422050D6D3403FBDF1076DA624","15","empty_negative"
"train","hn_picture3_0087.jpg","picture3.zip","809BFDEFCA8FE1ED0C12EAB9F9B9A1D65D40B326DDB63925AF5177B3A99BBC97","15","empty_negative"
"train","hn_picture3_0088.jpg","picture3.zip","D4C08FACBAFED6FA96EF3CA447267F7895B4B66B1184B35A80A1A28E9D43F4C2","15","empty_negative"
"train","hn_picture3_0089.jpg","picture3.zip","3FA6F7C76A7690F1EADBA1708ACB4615268C79F22E22CA8338C51C80C2EEF790","15","empty_negative"
"train","hn_picture3_0090.jpg","picture3.zip","124950205841628F22A0C3DA752DE4C3F254AEF7F9CEABC9C9521BE2068FB6B7","15","empty_negative"
"train","hn_picture3_0091.jpg","picture3.zip","793813391FCA7BD80D4DF0E635C6927D2FB0E59717CBF583451B7545E0EC2A78","15","empty_negative"
"train","hn_picture3_0092.jpg","picture3.zip","B391395A35478BE76053FCA64E347EF29E240D620C77ADF1ECB6222CF34602C5","15","empty_negative"
"train","hn_picture3_0093.jpg","picture3.zip","BEA6D9BF9FCAE62E368070F49B61292190D30DF3017551059007DA53E34D427B","15","empty_negative"
"train","hn_picture3_0094.jpg","picture3.zip","22A837A5FD84973AE5FD9ACDE04C8865C9449315E7F0DC5C471D184C90462316","15","empty_negative"
"train","hn_picture3_0095.jpg","picture3.zip","F0D6C61EAAE261422B7DC3300822EA0A665EFF26115F27A57FB94AAE9E4D1DD2","15","empty_negative"
"train","hn_picture3_0096.jpg","picture3.zip","CAF2FC1807FE9ED9FE0E09508F8B7C0896CDB880AC64D5AE91B57DB202BBE05B","15","empty_negative"
"train","hn_picture3_0097.jpg","picture3.zip","88768D142AAD9563134B28C1835BFF81B37A2C23446E59E592A7391A004B1C05","16","empty_negative"
"train","hn_picture3_0098.jpg","picture3.zip","83477187C108B06B7395D83E2E4B1A43699B4F8DC9CFA9FC30D099E58C22037B","16","empty_negative"
"train","hn_picture3_0099.jpg","picture3.zip","BB3C7A5C24CF6FDBAB3CE861519C3425332715F91495147CD09FF9580EE1DD4B","16","empty_negative"
"train","hn_picture3_0100.jpg","picture3.zip","D23F0606DCBCFE6913AFED71685D006F8B0D2FB72AE2500E2D0F74FFA1461027","16","empty_negative"
"train","hn_picture3_0101.jpg","picture3.zip","0943A8A5F6FF1B098BDB3A59E42E7F2C80D069505C75C072EDB1DAD351094614","16","empty_negative"
"train","hn_picture3_0102.jpg","picture3.zip","43D958BE9610D37073B794C6169F144DEDEB748E28D7C5717997CBB0F8BBC07D","16","empty_negative"
"train","hn_picture3_0103.jpg","picture3.zip","A0EA4DD728DBACEA7CA2EDC39BC87BD397FF49409A3D66E93119EDE0DF9789CA","16","empty_negative"
"train","hn_picture3_0104.jpg","picture3.zip","B5C6B61E7778437F3312007BC2F3562D170F358A89B536EB4260FDB227850822","16","empty_negative"
"train","hn_picture3_0105.jpg","picture3.zip","B70683220F8F97A42FBBE257BAF3FFCF9D59F1380492CB95875D4054F04961A6","16","empty_negative"
"train","hn_picture3_0106.jpg","picture3.zip","5478B7451AEAC1E53AEE3FAEE03703FF98E509857C781ADC4D88E4AC0F1599B2","16","empty_negative"
"train","hn_picture3_0107.jpg","picture3.zip","4E3B9C4F4BBF4408EE42351C67100E5EAD5666F145D2E6ADF5CD0335ACECF4D8","16","empty_negative"
"train","hn_picture3_0108.jpg","picture3.zip","C3B09FAD3301BBC2FECC38BAC447116C4B9CF37E5BE6D7AEA57DDD110DE865CF","16","empty_negative"
"train","hn_picture3_0109.jpg","picture3.zip","A62128AB00A667DC9D74457AC11D63B8EAA92CE869928EA833B2C7AEFDB1449C","16","empty_negative"
"train","hn_picture3_0110.jpg","picture3.zip","6004A2A99B132F56A799097EFEF4BC3D5178295890E63C3673842B5F33DF2BF0","16","empty_negative"
"train","hn_picture3_0111.jpg","picture3.zip","918D78ADB8B30CE4371216AF6E0377CB535BA5513611B2BDA5A38003897235DB","16","empty_negative"
"train","hn_picture3_0112.jpg","picture3.zip","FAF6A162E750AB0725B2CA9EC6506273CDE0797D0B497990A624B07DA398BDC2","16","empty_negative"
"train","hn_picture3_0113.jpg","picture3.zip","0D75A5BA0D73E64E797ECCAA4B6E4AE36793B5C34AA71AECAD875034B0263695","16","empty_negative"
"train","hn_picture3_0114.jpg","picture3.zip","E3C3FC8BE307DB00B5E69D4745D358F7F32BC440D859C34945E5B71ED90DC683","16","empty_negative"
"train","hn_picture3_0115.jpg","picture3.zip","41BA49658AAC036FA383860028083534347FAF1ECF2F1673F9580137E613759A","16","empty_negative"
"train","hn_picture3_0116.jpg","picture3.zip","597B983B883D57DC57A41A3464EE29281F5021146A003234252B98B0BA77A408","16","empty_negative"
"train","hn_picture3_0117.jpg","picture3.zip","B1A695ACAB545B7ECC62A42267D59123CA2878D2904AC03CB7DABAF4B54F41BB","17","empty_negative"
"train","hn_picture3_0118.jpg","picture3.zip","A3CBCA984545F9699052424C5C2C4659E3511D29BABF4DAB66BC805B5BA6D797","17","empty_negative"
"train","hn_picture3_0119.jpg","picture3.zip","F6348BB63F33BA245D0375F41C8705405AF8BC9E29CD13E4EC5BAC86502C2F64","17","empty_negative"
